IP,cf-meta-ip,端口,速度(Mbps),CF归属国,机房,TCP延迟(ms),TLS延迟(ms)
167.160.190.137,167.160.190.137,443,54.79,CA,YYZ,62.31,132.84
40.233.116.225,40.233.116.225,443,42.49,CA,YYZ,86.6,130.53
65.49.232.101,65.49.232.101,443,31.12,CA,YVR,35.16,86.23
158.69.112.254,158.69.112.254,443,27.86,CA,YYZ,206.61,133.83
150.242.90.205,150.242.90.205,443,25.03,CA,YVR,26.21,32.99
40.233.71.238,2603:c021:5:8c88::1006,443,19.74,CA,YYZ,75.17,88.97
140.238.144.211,2603:c021:4:9a88::1022,443,16.8,CA,YYZ,66.81,79.27
72.11.146.199,72.11.146.199,443,16.27,CA,YYZ,60.07,97.18
159.203.2.180,159.203.2.180,443,14.12,CA,YYZ,64.0,72.46
40.233.68.138,40.233.68.138,443,11.58,CA,YYZ,63.52,79.81
172.98.207.58,172.98.207.6,443,9.88,CA,YYZ,71.22,85.21
45.133.17.106,45.133.17.106,443,9.27,CA,YYZ,79.02,96.75
40.233.87.120,2603:c021:4:9a88::1016,443,8.78,CA,YYZ,77.81,75.84
68.233.122.42,68.233.122.42,443,6.97,CA,YYZ,79.59,101.11
40.233.110.251,2603:c021:4:9a88::1018,443,5.95,CA,YYZ,64.86,81.62
40.233.99.248,2603:c021:4:9a88::1020,443,4.86,CA,YYZ,68.18,82.76
155.248.216.138,155.248.216.138,443,3.33,CA,YYZ,67.78,75.01
40.233.103.212,2603:c021:5:8c88::1008,443,2.61,CA,YYZ,64.23,69.74
204.216.107.15,204.216.107.15,443,1.43,CA,YYZ,97.53,134.17
72.11.145.117,72.11.145.117,443,1.2,CA,YYZ,62.53,129.36
84.234.17.132,84.234.17.132,8443,2.93,CH,LYS,157.87,181.22
38.180.85.203,38.180.85.203,443,2.83,CH,MXP,165.51,179.68
140.238.209.8,140.238.209.8,443,2.76,CH,ZRH,159.97,163.94
84.234.17.132,84.234.17.132,443,2.61,CH,LYS,160.44,222.43
146.70.71.157,146.70.71.157,443,2.49,CH,FRA,202.89,196.76
152.67.64.55,152.67.64.55,443,2.25,CH,ZRH,188.06,287.51
82.38.64.166,82.38.64.166,443,2.08,CH,ZRH,162.37,173.8
179.43.176.195,179.43.176.195,443,2.0,CH,MXP,160.32,170.21
83.228.198.53,83.228.198.53,443,1.96,CH,LYS,162.64,221.49
141.227.139.220,141.227.139.220,443,1.95,CH,ZRH,160.27,168.45
83.228.198.53,83.228.198.53,8443,1.84,CH,LYS,163.78,211.61
91.90.193.138,91.90.193.138,443,1.78,CH,LYS,163.24,176.52
51.34.85.34,51.34.85.34,443,1.59,CH,ZRH,165.46,165.85
194.87.18.208,194.87.18.208,443,1.55,CH,ZRH,159.62,179.18
107.189.30.77,107.189.30.77,443,1.37,CH,ZRH,159.01,175.41
5.182.36.39,5.182.36.39,443,1.33,CH,ZRH,169.13,249.02
194.156.102.142,194.156.102.142,443,1.2,CH,ZRH,269.06,277.17
84.234.16.169,84.234.16.169,8443,1.18,CH,LYS,180.88,207.83
82.38.139.231,82.38.139.231,443,1.14,CH,ZRH,158.31,185.45
91.245.225.69,91.245.225.69,443,1.13,CH,ZRH,171.65,226.94
152.67.85.239,152.67.85.239,443,1.05,CH,ZRH,159.79,170.82
140.238.208.210,140.238.208.210,443,1.01,CH,ZRH,167.21,190.5
82.38.64.162,82.38.64.162,443,1.0,CH,ZRH,165.67,174.6
103.13.211.83,103.13.211.83,443,5.13,DE,FRA,150.2,165.08
87.251.87.36,87.251.87.36,443,4.27,DE,FRA,167.47,185.91
178.215.238.228,178.215.238.228,8443,3.85,DE,FRA,172.32,257.0
178.215.238.228,178.215.238.228,2053,3.8,DE,FRA,231.52,363.73
95.164.123.217,150.241.124.130,443,3.73,DE,FRA,147.29,171.56
94.159.99.72,94.159.99.72,443,3.58,DE,FRA,175.71,172.33
162.221.196.158,162.221.196.158,443,3.5,DE,FRA,160.21,164.08
91.149.222.113,91.149.222.113,443,3.47,DE,FRA,155.32,279.69
38.180.219.131,38.180.219.131,443,3.46,DE,FRA,158.35,183.61
194.99.20.245,194.99.20.245,443,3.34,DE,FRA,158.91,158.48
116.203.58.165,116.203.58.165,443,3.26,DE,FRA,149.53,167.95
83.219.249.189,83.219.249.189,443,3.25,DE,FRA,153.7,186.92
84.75.76.126,84.75.76.126,443,3.24,DE,FRA,153.19,165.67
72.56.106.103,72.56.106.103,443,3.2,DE,FRA,167.28,218.62
80.240.20.43,80.240.20.43,443,3.2,DE,FRA,148.59,162.05
164.92.253.242,164.92.253.242,443,3.16,DE,FRA,156.36,161.88
45.135.165.245,45.135.165.245,443,3.14,DE,FRA,260.13,283.99
193.26.157.75,193.26.157.75,8443,3.13,DE,FRA,148.8,171.18
64.188.64.147,64.188.64.147,443,3.12,DE,FRA,161.98,240.59
185.246.223.134,185.246.223.134,443,3.11,DE,FRA,187.85,240.99
5.39.255.78,5.39.255.78,443,3.08,DE,FRA,156.62,158.9
94.159.99.172,94.159.99.172,443,3.07,DE,FRA,155.29,166.0
77.110.100.6,77.110.100.6,443,3.07,DE,FRA,154.34,158.51
152.53.137.35,152.53.137.35,443,3.05,DE,FRA,154.15,176.5
89.58.13.46,89.58.13.46,8443,3.01,DE,FRA,166.7,196.1
150.241.123.99,150.241.123.99,443,2.99,DE,FRA,166.72,180.32
185.125.100.192,185.125.100.192,443,2.98,DE,FRA,157.28,173.7
152.53.15.90,152.53.15.90,443,2.98,DE,FRA,148.82,168.02
92.246.136.38,2a0b:4140:4cc8::2,443,2.93,DE,FRA,158.58,164.24
80.76.32.165,80.76.32.165,443,2.92,DE,FRA,152.46,195.1
213.108.198.116,213.108.198.116,443,2.86,DE,FRA,149.85,160.68
193.26.158.212,193.26.158.212,8443,2.82,DE,FRA,155.87,262.99
167.172.187.174,167.172.187.174,443,2.8,DE,FRA,151.63,201.25
94.156.102.142,94.156.102.142,443,2.8,DE,FRA,162.24,188.01
5.61.47.9,5.61.47.9,443,2.79,DE,FRA,157.32,176.9
89.127.203.246,89.127.203.246,443,2.78,DE,FRA,272.09,248.62
178.215.238.228,178.215.238.228,443,2.76,DE,FRA,216.36,281.54
94.228.168.17,94.228.168.17,443,2.75,DE,FRA,155.85,163.54
62.60.216.169,62.60.216.169,443,2.73,DE,FRA,161.43,217.2
152.53.225.188,152.53.225.188,443,2.72,DE,FRA,155.2,177.93
37.46.18.19,37.46.18.19,443,2.71,DE,FRA,175.88,180.79
152.53.14.169,152.53.14.169,8443,2.7,DE,FRA,149.52,169.58
152.53.146.253,152.53.146.253,8443,2.69,DE,FRA,153.98,187.18
91.107.255.196,91.107.255.196,443,2.67,DE,FRA,152.99,180.48
92.118.9.85,92.118.9.85,443,2.67,DE,FRA,160.67,203.5
62.60.245.255,62.60.245.255,443,2.66,DE,FRA,157.62,192.08
89.58.13.3,89.58.13.3,443,2.66,DE,FRA,152.66,181.68
91.99.227.218,91.99.227.218,443,2.66,DE,FRA,155.18,171.75
77.90.33.189,77.90.33.189,443,2.65,DE,FRA,160.99,181.59
217.61.0.97,217.61.0.97,443,2.65,DE,FRA,192.3,197.64
94.141.123.231,94.141.123.231,443,2.64,DE,FRA,160.12,191.46
198.105.115.82,198.105.115.82,443,2.6,DE,FRA,144.56,168.9
188.245.161.141,2a01:4f8:c17:1e71::1,443,2.6,DE,FRA,166.4,189.4
89.58.45.162,89.58.45.162,8443,2.6,DE,FRA,164.48,181.77
18.184.55.249,18.184.55.249,443,2.59,DE,FRA,149.45,155.65
132.226.197.103,132.226.197.103,443,2.54,DE,FRA,162.38,173.0
151.247.208.99,151.247.208.99,443,2.52,DE,FRA,151.31,162.45
91.108.243.115,91.108.243.115,443,2.52,DE,FRA,165.12,208.89
89.58.45.162,89.58.45.162,443,2.52,DE,FRA,156.64,189.89
167.172.177.95,167.172.177.95,443,2.51,DE,FRA,158.55,170.59
152.53.138.139,152.53.138.139,8443,2.47,DE,FRA,162.29,177.44
152.53.15.120,152.53.15.120,8443,2.47,DE,FRA,148.56,172.03
89.34.219.214,89.34.219.214,443,2.47,DE,FRA,163.94,274.85
152.53.118.28,152.53.118.28,443,2.46,DE,FRA,178.18,284.38
83.219.249.208,83.219.249.208,443,2.42,DE,FRA,153.01,160.86
135.125.191.9,135.125.191.9,443,2.42,DE,FRA,168.16,169.75
152.53.227.156,152.53.227.156,8443,2.41,DE,FRA,157.68,169.97
194.34.238.138,194.34.238.138,443,2.41,DE,FRA,157.01,177.47
152.53.15.120,152.53.15.120,443,2.38,DE,FRA,161.27,194.78
152.53.15.143,152.53.15.143,443,2.38,DE,FRA,151.71,168.6
167.235.149.175,167.235.149.175,443,2.37,DE,FRA,155.28,166.06
45.134.217.55,45.134.217.55,443,2.37,DE,FRA,157.24,174.88
79.132.138.87,2a02:6b40:2000:149a::1,443,2.36,DE,FRA,172.55,190.5
45.147.228.249,45.147.228.249,443,2.36,DE,FRA,149.67,169.58
152.53.15.90,152.53.15.90,8443,2.35,DE,FRA,165.41,185.85
45.155.102.223,45.155.102.223,443,2.35,DE,FRA,165.62,165.45
152.53.137.35,152.53.137.35,8443,2.35,DE,FRA,166.52,182.72
109.120.177.229,109.120.177.229,443,2.33,DE,FRA,153.79,177.57
113.30.189.95,113.30.190.30,443,2.31,DE,FRA,143.2,175.62
152.53.15.143,152.53.15.143,8443,2.29,DE,FRA,194.78,192.06
91.99.222.109,91.99.222.109,443,2.27,DE,FRA,159.73,185.78
152.53.141.186,152.53.141.186,443,2.27,DE,FRA,168.75,188.13
88.99.92.84,88.99.92.84,443,2.27,DE,FRA,154.36,180.04
149.104.110.97,149.104.110.97,443,2.27,DE,FRA,162.04,178.23
193.26.158.223,193.26.158.223,8443,2.27,DE,HAM,157.25,187.41
37.120.191.199,37.120.191.199,443,2.27,DE,HAM,152.77,189.07
116.202.132.205,2a01:4f8:231:4c65::2,443,2.27,DE,FRA,160.07,176.88
152.53.118.28,152.53.118.28,8443,2.27,DE,FRA,159.14,336.27
152.53.178.240,152.53.178.240,8443,2.26,DE,FRA,175.42,185.11
18.199.97.136,18.199.97.136,443,2.26,DE,FRA,150.57,155.97
216.57.104.110,216.57.104.110,443,2.26,DE,FRA,161.56,180.14
37.120.191.199,37.120.191.199,8443,2.25,DE,FRA,154.15,166.59
47.245.131.215,47.245.131.215,443,2.24,DE,FRA,161.85,177.74
37.221.196.43,37.221.196.43,8443,2.22,DE,FRA,161.75,173.39
85.192.24.201,85.192.24.201,2096,2.21,DE,FRA,149.31,173.44
18.192.69.254,18.192.69.254,443,2.21,DE,FRA,150.31,163.51
152.53.138.139,152.53.138.139,443,2.2,DE,FRA,154.32,172.73
152.53.137.149,152.53.137.149,443,2.2,DE,FRA,150.3,183.9
89.58.12.232,89.58.12.232,8443,2.2,DE,FRA,152.17,175.82
47.245.131.215,47.245.131.215,8443,2.19,DE,FRA,154.0,175.01
89.58.13.46,89.58.13.46,443,2.19,DE,FRA,178.23,184.97
85.192.24.201,85.192.24.201,443,2.19,DE,FRA,155.99,177.9
103.56.84.189,103.56.84.189,443,2.19,DE,FRA,164.04,174.2
92.118.8.248,92.118.8.248,443,2.19,DE,FRA,157.93,173.44
91.107.255.196,91.107.255.196,8443,2.18,DE,FRA,161.06,188.16
193.26.158.212,193.26.158.212,443,2.17,DE,FRA,207.58,399.48
193.26.158.223,193.26.158.223,443,2.17,DE,HAM,160.56,183.53
88.198.82.145,178.63.88.12,443,2.17,DE,FRA,158.95,167.96
89.58.32.86,89.58.32.86,8443,2.16,DE,FRA,155.86,167.39
113.30.190.30,113.30.190.30,443,2.16,DE,FRA,153.79,166.8
91.99.57.108,91.99.57.108,443,2.15,DE,FRA,162.24,167.64
152.53.225.188,152.53.225.188,8443,2.15,DE,FRA,161.74,193.92
152.53.225.145,152.53.225.145,8443,2.15,DE,FRA,158.05,182.5
89.58.32.86,89.58.32.86,443,2.14,DE,FRA,166.0,176.47
104.248.23.44,104.248.23.44,443,2.13,DE,FRA,171.76,177.2
37.120.191.140,37.120.191.140,8443,2.13,DE,FRA,153.03,171.67
152.53.14.169,152.53.14.169,443,2.12,DE,FRA,160.76,191.29
5.39.249.170,5.39.249.170,443,2.11,DE,FRA,160.4,156.98
64.188.66.138,64.188.66.138,443,2.1,DE,FRA,155.16,194.38
213.21.252.49,213.21.252.49,443,2.09,DE,MXP,188.98,296.99
142.132.138.95,142.132.138.95,443,2.09,DE,FRA,150.41,172.46
185.103.253.187,185.103.253.187,443,2.09,DE,FRA,153.92,166.9
146.103.42.140,146.103.42.140,443,2.08,DE,FRA,183.02,171.9
138.124.24.229,138.124.24.229,443,2.07,DE,ARN,174.08,268.91
217.144.189.83,217.144.189.83,443,2.07,DE,FRA,158.2,184.55
37.120.190.141,37.120.190.141,8443,2.06,DE,FRA,160.59,190.48
185.9.25.224,185.9.25.224,443,2.04,DE,FRA,147.81,153.12
178.250.191.208,178.250.191.208,443,2.04,DE,FRA,163.93,169.46
91.186.212.246,91.186.212.246,443,2.02,DE,MXP,182.79,375.74
64.188.66.138,64.188.66.138,2053,2.01,DE,FRA,158.47,208.83
152.53.178.240,152.53.178.240,443,2.01,DE,FRA,178.3,193.39
37.221.196.43,37.221.196.43,443,2.01,DE,FRA,158.99,187.34
159.89.10.241,159.89.10.241,443,2.0,DE,FRA,170.0,168.62
92.42.96.240,92.42.96.240,443,2.0,DE,FRA,171.05,241.86
185.66.165.51,185.66.165.4,443,1.97,DE,ARN,159.91,242.81
89.168.110.240,89.168.110.240,443,1.97,DE,FRA,165.85,267.2
172.86.95.236,172.86.95.236,443,1.92,DE,FRA,154.37,161.99
157.245.21.166,64.226.111.107,443,1.89,DE,FRA,149.59,166.72
152.53.137.142,152.53.137.142,8443,1.88,DE,FRA,150.84,166.57
88.198.82.150,178.63.88.12,443,1.87,DE,FRA,158.57,197.36
135.125.191.9,135.125.191.9,8443,1.87,DE,FRA,161.84,178.76
89.58.13.3,89.58.13.3,8443,1.87,DE,FRA,161.02,191.88
152.53.146.253,152.53.146.253,443,1.86,DE,FRA,165.56,183.98
152.53.225.145,152.53.225.145,443,1.85,DE,FRA,157.78,182.35
37.120.191.140,37.120.191.140,443,1.85,DE,FRA,159.95,178.94
152.53.137.149,152.53.137.149,8443,1.84,DE,FRA,157.84,178.95
152.53.226.65,152.53.226.65,443,1.83,DE,FRA,155.01,179.33
113.30.191.181,113.30.191.181,443,1.82,DE,FRA,152.97,160.8
194.164.234.186,194.164.234.186,443,1.82,DE,FRA,150.06,158.57
193.26.157.75,193.26.157.75,443,1.82,DE,FRA,167.7,178.67
152.53.137.142,152.53.137.142,443,1.82,DE,FRA,165.27,185.34
47.245.131.215,47.245.131.215,2053,1.81,DE,FRA,173.78,183.64
152.53.141.186,152.53.141.186,8443,1.8,DE,FRA,174.45,190.54
37.120.190.141,37.120.190.141,443,1.74,DE,FRA,161.13,181.17
152.53.227.156,152.53.227.156,443,1.73,DE,FRA,157.91,173.23
159.195.22.104,159.195.22.104,443,1.71,DE,FRA,201.51,185.68
140.235.130.57,140.235.130.57,443,1.69,DE,FRA,167.21,194.89
152.53.14.244,152.53.14.244,443,1.67,DE,FRA,151.56,166.15
89.58.12.232,89.58.12.232,443,1.65,DE,FRA,158.47,173.29
152.53.146.92,152.53.146.92,443,1.6,DE,FRA,157.98,177.96
91.132.160.255,91.132.160.255,443,1.59,DE,FRA,145.58,155.83
89.40.117.143,89.40.117.143,443,1.52,DE,FRA,158.23,174.11
89.58.34.62,89.58.34.62,8443,1.52,DE,FRA,160.56,172.14
152.53.14.60,152.53.14.60,8443,1.49,DE,FRA,152.03,177.06
31.192.237.42,31.192.237.42,443,1.49,DE,FRA,159.54,177.97
108.165.236.247,108.165.236.247,443,1.48,DE,FRA,159.18,183.96
77.90.45.78,77.90.45.78,443,1.48,DE,FRA,154.66,196.49
213.21.235.22,213.21.235.22,443,1.48,DE,OSL,182.92,347.97
77.239.98.108,77.239.98.108,443,1.45,DE,FRA,205.8,353.06
78.47.146.151,78.47.146.151,443,1.45,DE,FRA,162.85,172.72
152.53.141.9,152.53.141.9,8443,1.44,DE,FRA,156.46,173.61
95.164.123.31,95.164.123.31,2053,1.44,DE,FRA,161.27,167.11
185.242.113.75,185.242.113.75,443,1.44,DE,FRA,160.86,178.91
89.58.28.105,89.58.28.105,8443,1.44,DE,FRA,163.93,179.18
95.181.160.172,77.110.100.6,443,1.42,DE,FRA,153.11,177.17
193.135.137.79,193.135.137.79,443,1.42,DE,FRA,162.56,172.3
152.53.227.239,152.53.227.239,443,1.42,DE,FRA,153.9,176.47
178.17.48.78,178.17.48.78,443,1.41,DE,FRA,156.26,173.16
31.59.58.28,31.59.58.28,443,1.41,DE,FRA,153.31,160.84
159.195.20.60,159.195.20.60,8443,1.4,DE,FRA,160.06,193.91
95.164.123.31,95.164.123.31,443,1.39,DE,FRA,149.42,157.02
95.181.162.170,95.181.162.170,443,1.39,DE,FRA,166.14,177.76
193.26.156.79,193.26.156.79,8443,1.38,DE,HAM,157.47,207.37
206.251.50.222,206.251.50.222,443,1.38,DE,FRA,175.59,272.91
164.90.226.9,164.90.226.9,443,1.37,DE,FRA,154.41,159.08
109.120.185.37,109.120.185.37,443,1.35,DE,MXP,216.48,248.03
94.249.207.8,2a0f:85c1:b73:10a::a,443,1.35,DE,FRA,178.72,207.17
185.246.222.178,185.246.222.178,443,1.34,DE,FRA,149.11,169.68
138.249.8.78,138.249.8.78,443,1.33,DE,FRA,154.74,155.13
77.221.155.117,77.221.155.117,443,1.31,DE,FRA,169.03,174.9
79.137.207.149,79.137.207.149,443,1.3,DE,FRA,156.52,164.32
152.53.226.65,152.53.226.65,8443,1.28,DE,FRA,162.49,190.58
152.53.15.96,152.53.15.96,443,1.28,DE,FRA,153.55,178.14
37.1.198.43,37.1.198.43,443,1.28,DE,FRA,157.47,180.19
194.34.238.131,194.34.238.131,443,1.28,DE,FRA,152.17,172.4
152.53.239.169,152.53.239.169,8443,1.27,DE,FRA,159.24,251.23
152.53.146.92,152.53.146.92,8443,1.27,DE,FRA,166.43,198.98
152.53.14.60,152.53.14.60,443,1.27,DE,FRA,160.04,172.6
18.197.218.69,18.197.218.69,443,1.27,DE,FRA,160.18,165.04
152.53.224.193,152.53.224.193,8443,1.26,DE,FRA,157.65,174.85
91.107.160.25,91.107.160.25,443,1.25,DE,FRA,154.59,170.01
185.65.202.222,185.65.202.222,443,1.24,DE,FRA,156.87,200.26
77.110.118.50,77.110.118.50,443,1.24,DE,FRA,161.03,177.45
217.154.94.41,2a01:239:3bf:dd00::1,443,1.23,DE,TXL,169.11,190.88
152.53.120.168,152.53.120.168,8443,1.23,DE,FRA,162.21,183.32
54.37.75.187,54.37.75.187,443,1.23,DE,FRA,159.73,168.65
193.26.157.139,193.26.157.139,443,1.22,DE,FRA,209.68,194.97
89.58.28.105,89.58.28.105,443,1.21,DE,FRA,159.49,171.33
164.92.178.103,164.92.178.103,443,1.21,DE,FRA,163.28,166.46
152.53.153.86,152.53.153.86,8443,1.2,DE,FRA,157.88,202.02
152.53.139.243,152.53.139.243,443,1.19,DE,FRA,159.4,175.47
37.120.188.105,37.120.188.105,443,1.19,DE,FRA,160.91,160.09
91.107.152.178,91.107.152.178,443,1.18,DE,FRA,156.61,171.0
5.61.32.186,5.61.32.186,443,1.18,DE,FRA,153.57,164.38
152.53.141.9,152.53.141.9,443,1.16,DE,FRA,157.07,177.3
193.26.156.79,193.26.156.79,443,1.16,DE,FRA,152.84,176.1
185.207.139.113,185.207.139.113,443,1.15,DE,WAW,167.61,207.64
77.239.99.29,77.239.99.29,443,1.15,DE,FRA,153.99,165.85
185.209.82.152,185.209.82.152,443,1.15,DE,FRA,158.32,180.44
31.172.75.106,31.172.75.106,443,1.14,DE,FRA,154.02,207.06
213.176.77.30,213.176.77.30,443,1.14,DE,FRA,155.66,173.67
163.5.187.49,163.5.187.49,2053,1.12,DE,FRA,193.68,164.51
5.75.182.89,5.75.182.89,443,1.12,DE,FRA,157.33,173.2
195.133.94.9,195.133.94.9,443,1.12,DE,FRA,153.67,199.55
37.120.188.105,37.120.188.105,8443,1.12,DE,HAM,171.3,203.33
147.45.222.87,147.45.222.87,443,1.11,DE,FRA,170.3,193.63
83.219.249.108,83.219.249.108,443,1.11,DE,FRA,166.69,166.91
152.53.139.243,152.53.139.243,8443,1.11,DE,FRA,162.46,177.43
92.51.37.214,92.51.37.214,443,1.11,DE,FRA,163.71,190.86
94.16.113.94,94.16.113.94,443,1.1,DE,FRA,161.85,179.09
83.147.253.123,83.147.253.123,443,1.1,DE,FRA,158.12,170.11
188.245.102.244,188.245.102.244,443,1.09,DE,FRA,182.23,241.96
185.244.40.219,185.244.40.219,443,1.09,DE,FRA,155.13,359.68
64.188.118.193,64.188.118.193,443,1.09,DE,FRA,165.9,212.23
91.217.149.34,91.217.149.34,443,1.08,DE,FRA,178.48,168.69
138.197.183.219,138.197.183.219,443,1.07,DE,FRA,164.51,193.78
91.184.242.250,91.184.242.250,443,1.05,DE,FRA,173.58,186.25
152.53.138.238,152.53.138.238,8443,1.05,DE,FRA,162.34,197.85
89.58.32.18,89.58.32.18,443,1.04,DE,FRA,160.95,186.37
89.125.73.168,89.125.73.168,443,1.03,DE,FRA,170.83,204.66
188.214.107.249,188.214.107.249,443,1.03,DE,FRA,154.66,163.15
152.53.224.193,152.53.224.193,443,1.03,DE,FRA,160.29,179.06
188.34.205.158,188.34.205.158,443,1.02,DE,FRA,160.2,227.02
152.53.14.244,152.53.14.244,8443,1.02,DE,FRA,152.8,178.46
195.133.65.83,195.133.65.83,443,1.02,DE,FRA,151.7,153.87
213.21.246.96,213.21.246.96,8443,1.02,DE,MXP,178.15,253.97
152.53.227.239,152.53.227.239,8443,1.02,DE,FRA,166.13,181.62
38.180.165.83,38.180.165.83,443,1.01,DE,FRA,158.31,180.48
31.13.208.213,31.13.208.213,443,3.03,FI,TLL,164.9,186.49
2.27.42.16,2.27.42.16,443,2.94,FI,RIX,164.84,191.0
185.92.183.217,185.92.183.217,443,2.84,FI,CPH,163.97,238.31
31.57.105.164,31.57.105.164,443,2.74,FI,ARN,181.59,275.2
91.149.219.49,91.149.219.49,443,2.72,FI,ARN,166.87,188.33
109.206.236.211,109.206.236.211,443,2.65,FI,ARN,170.6,200.09
31.57.105.139,31.57.105.139,443,2.65,FI,CPH,171.82,213.62
193.23.201.26,193.23.201.26,443,2.63,FI,CPH,163.29,236.53
144.31.99.228,144.31.99.228,443,2.61,FI,LHR,183.59,310.57
185.104.250.9,185.104.250.9,443,2.6,FI,HEL,167.91,194.65
217.19.4.242,217.19.4.242,443,2.5,FI,ARN,173.01,217.71
31.59.106.15,31.59.106.15,443,2.5,FI,CPH,173.16,227.57
31.57.106.35,31.57.106.35,443,2.45,FI,CPH,171.7,218.14
46.8.230.73,46.8.230.73,443,2.45,FI,CPH,194.06,225.38
46.8.64.228,46.8.64.228,443,2.43,FI,OSL,164.96,216.36
103.85.114.197,103.85.114.197,8443,2.42,FI,HEL,166.24,194.59
94.183.190.163,94.183.190.163,443,2.42,FI,CPH,173.21,224.87
193.164.128.133,193.164.128.133,443,2.41,FI,RIX,177.11,207.54
188.130.206.93,188.130.206.93,2053,2.4,FI,ARN,186.93,254.13
62.60.153.148,62.60.153.148,443,2.39,FI,MXP,173.39,299.63
2.56.173.3,2.56.173.3,443,2.31,FI,CPH,195.92,249.44
135.181.95.131,135.181.95.131,443,2.29,FI,RIX,177.94,204.29
2.26.124.85,2.26.124.85,443,2.29,FI,HEL,164.75,173.11
65.21.159.37,65.21.159.37,443,2.28,FI,HEL,180.82,210.0
144.31.217.95,144.31.217.95,443,2.27,FI,LHR,178.2,332.66
45.144.53.184,45.144.53.184,443,2.24,FI,HEL,166.7,163.77
46.8.238.24,46.8.238.24,443,2.23,FI,ARN,177.21,239.78
64.188.93.187,64.188.93.187,443,2.23,FI,LHR,170.02,303.94
31.56.204.194,31.56.204.194,443,2.19,FI,CPH,170.54,203.96
46.243.6.54,46.243.6.54,443,2.17,FI,HEL,183.38,200.45
194.238.57.103,194.238.57.103,443,2.17,FI,FRA,188.61,300.92
65.108.245.196,65.108.245.196,443,2.14,FI,HEL,179.17,189.82
89.125.81.129,89.125.81.129,443,2.11,FI,RIX,200.77,268.08
38.244.139.135,38.244.139.135,443,2.07,FI,RIX,173.23,218.17
194.180.189.194,194.180.189.194,443,2.04,FI,HEL,174.08,196.62
87.239.251.254,87.239.251.254,443,2.04,FI,ARN,172.43,197.82
185.141.217.204,185.141.217.204,443,2.03,FI,ARN,178.52,208.09
77.42.94.136,77.42.94.136,443,2.01,FI,HEL,176.58,187.12
135.181.95.131,135.181.95.131,8443,2.01,FI,ARN,182.52,213.59
188.130.206.93,188.130.206.93,443,2.01,FI,CPH,182.67,280.51
109.206.243.100,109.206.243.100,2087,2.0,FI,ARN,178.82,244.79
94.237.116.111,94.237.116.111,443,2.0,FI,HEL,181.89,190.33
2.27.42.167,2.27.42.167,443,2.0,FI,ARN,166.41,199.89
185.254.158.235,185.254.158.235,443,1.99,FI,ARN,195.22,223.12
109.206.243.130,109.206.243.130,443,1.99,FI,ARN,168.27,197.6
95.164.55.78,95.164.55.78,8443,1.99,FI,HEL,183.51,185.67
95.217.13.36,95.217.13.36,443,1.95,FI,HEL,182.77,193.01
95.164.55.78,95.164.55.78,443,1.89,FI,HEL,216.87,377.21
65.21.16.186,65.108.225.161,443,1.88,FI,HEL,179.42,188.12
95.81.126.109,95.81.126.109,443,1.86,FI,RIX,184.18,225.01
93.152.207.163,93.152.207.163,443,1.84,FI,HEL,163.15,180.76
95.81.93.48,95.81.93.48,443,1.77,FI,ARN,174.51,207.05
185.212.149.7,185.212.149.7,443,1.74,FI,RIX,167.45,196.99
43.245.225.176,43.245.225.176,8443,1.74,FI,HEL,173.56,193.2
45.12.146.12,45.12.146.12,443,1.73,FI,RIX,175.92,237.73
194.39.110.50,194.39.110.50,443,1.68,FI,ARN,172.48,185.67
185.239.142.73,185.239.142.73,443,1.67,FI,FRA,262.96,286.22
82.40.57.236,82.40.57.236,443,1.65,FI,HEL,181.12,247.39
43.245.225.23,43.245.225.23,443,1.64,FI,RIX,170.08,202.24
45.144.52.100,45.144.52.100,443,1.63,FI,RIX,162.41,188.5
65.109.213.219,65.109.213.219,8443,1.58,FI,RIX,184.36,205.57
31.59.41.115,31.59.41.115,443,1.56,FI,CPH,179.03,214.74
5.144.181.114,5.144.181.114,443,1.56,FI,CPH,158.55,199.93
95.216.57.173,95.216.57.173,8443,1.55,FI,HEL,172.68,180.29
65.109.196.96,65.109.196.96,443,1.55,FI,AMS,172.48,238.75
31.58.137.94,31.58.137.94,443,1.52,FI,OSL,175.8,205.51
193.124.183.92,193.124.183.92,443,1.52,FI,ARN,169.07,206.98
185.200.190.148,185.200.190.148,443,1.5,FI,RIX,176.44,195.25
103.85.114.197,103.85.114.197,443,1.49,FI,OSL,170.32,212.59
95.217.237.91,95.217.237.91,443,1.49,FI,HEL,180.84,187.07
65.109.188.1,65.109.188.1,443,1.48,FI,RIX,186.81,203.07
188.215.31.191,188.215.31.191,443,1.47,FI,ARN,163.62,238.36
46.38.156.183,46.38.156.183,443,1.47,FI,ARN,168.54,193.83
43.245.225.176,43.245.225.176,443,1.47,FI,RIX,182.12,223.03
65.109.196.96,65.109.196.96,8443,1.47,FI,RIX,176.69,212.06
92.42.102.109,92.42.102.109,8443,1.46,FI,HEL,180.61,226.18
188.130.206.87,188.130.206.87,443,1.46,FI,ARN,175.49,194.38
62.60.229.255,62.60.229.255,443,1.45,FI,ARN,175.75,198.48
65.109.188.1,65.109.188.1,8443,1.43,FI,RIX,181.05,190.6
95.216.57.173,95.216.57.173,443,1.42,FI,HEL,172.66,181.7
62.60.250.39,62.60.250.39,443,1.41,FI,MXP,216.73,207.6
31.57.61.252,31.57.61.252,443,1.41,FI,ARN,175.45,209.36
65.109.213.219,65.109.213.219,443,1.4,FI,AMS,185.42,242.08
185.242.247.80,185.242.247.80,443,1.39,FI,ARN,188.8,195.34
185.188.181.14,185.188.181.14,443,1.39,FI,RIX,175.11,203.43
66.151.35.81,66.151.35.81,443,1.38,FI,HEL,182.63,169.1
193.164.155.48,193.164.155.48,443,1.37,FI,ARN,172.2,194.0
92.118.234.39,92.118.234.39,443,1.37,FI,RIX,181.66,373.8
138.124.244.95,138.124.244.95,443,1.32,FI,ARN,172.52,195.59
31.56.227.231,31.56.227.231,443,1.3,FI,CPH,185.22,210.17
109.206.243.100,109.206.243.100,2096,1.3,FI,ARN,197.89,366.23
217.177.44.117,217.177.44.117,443,1.3,FI,RIX,167.92,184.8
66.151.34.215,66.151.34.215,443,1.29,FI,RIX,174.36,204.0
89.125.196.212,89.125.196.212,443,1.29,FI,HEL,181.02,199.04
84.19.3.71,84.19.3.71,443,1.27,FI,HEL,173.89,195.29
45.38.143.195,45.38.143.195,443,1.25,FI,ARN,172.88,201.8
138.124.15.220,138.124.15.220,443,1.22,FI,RIX,178.36,207.51
78.153.139.207,78.153.139.207,443,1.21,FI,CPH,179.86,212.49
144.31.212.58,144.31.212.58,443,1.21,FI,CPH,159.0,196.61
138.124.80.249,138.124.80.249,443,1.2,FI,CPH,179.65,220.45
46.8.232.233,46.8.232.233,443,1.19,FI,ARN,250.74,183.54
91.217.76.192,91.217.76.192,443,1.19,FI,HEL,178.85,217.65
91.204.74.232,91.204.74.232,443,1.18,FI,RIX,173.58,226.37
193.164.155.38,193.164.155.38,443,1.18,FI,ARN,201.34,227.69
185.233.82.159,185.233.82.159,443,1.18,FI,ARN,167.29,197.97
31.59.41.159,31.59.41.159,443,1.17,FI,CPH,168.99,278.13
185.236.24.10,185.236.24.10,443,1.17,FI,ARN,169.28,208.14
104.164.54.81,104.164.54.81,443,1.16,FI,AMS,167.33,223.26
45.14.165.234,45.14.165.234,443,1.16,FI,HEL,170.37,181.1
193.47.60.218,193.47.60.218,443,1.15,FI,AMS,168.26,223.64
109.206.243.100,109.206.243.100,443,1.14,FI,ARN,209.21,346.14
185.94.167.223,185.94.167.223,443,1.12,FI,CPH,176.49,213.13
46.8.232.48,46.8.232.48,443,1.11,FI,ARN,176.55,222.68
2.26.0.209,2.26.0.209,443,1.09,FI,FRA,187.64,238.34
89.44.76.128,89.44.76.128,443,1.08,FI,ARN,205.66,188.95
46.8.237.3,46.8.237.3,443,1.07,FI,ARN,192.9,182.9
109.206.243.100,109.206.243.100,2053,1.06,FI,LHR,204.41,364.74
65.109.182.62,65.109.182.62,8443,1.03,FI,AMS,182.55,249.12
37.27.92.255,37.27.92.255,443,1.01,FI,AMS,184.34,243.56
141.94.220.210,141.94.220.210,443,3.58,FR,CDG,152.44,182.07
51.91.248.38,51.91.248.38,8443,3.3,FR,CDG,152.5,166.84
37.59.97.136,37.59.97.136,8443,3.24,FR,CDG,143.78,196.5
51.91.253.60,51.91.253.60,8443,3.18,FR,CDG,156.01,345.23
38.180.240.91,38.180.240.91,443,3.13,FR,CDG,154.69,171.28
51.91.251.149,51.91.251.149,8443,3.12,FR,CDG,147.39,169.76
51.91.254.97,51.91.254.97,8443,3.01,FR,CDG,155.97,175.08
185.10.17.137,185.10.17.137,443,3.01,FR,CDG,156.53,279.94
37.60.229.47,37.60.229.47,443,3.01,FR,FRA,152.95,211.4
51.91.253.60,51.91.253.60,443,2.99,FR,CDG,164.27,189.05
51.91.253.245,51.91.253.245,8443,2.92,FR,CDG,165.17,171.37
51.178.27.222,51.178.27.222,8443,2.91,FR,CDG,160.13,195.6
51.91.249.37,51.91.249.37,8443,2.91,FR,CDG,149.49,168.91
51.91.250.245,51.91.250.245,443,2.91,FR,CDG,142.85,165.88
51.91.255.197,51.91.255.197,443,2.88,FR,CDG,151.76,163.97
37.59.96.47,37.59.96.47,443,2.88,FR,CDG,155.56,176.26
51.91.253.174,51.91.253.174,443,2.87,FR,CDG,159.66,174.99
51.91.248.253,51.91.248.253,8443,2.85,FR,CDG,141.44,179.02
51.91.255.152,51.91.255.152,8443,2.85,FR,CDG,147.63,163.21
51.91.251.144,51.91.251.144,8443,2.85,FR,CDG,143.42,162.13
51.91.254.177,51.91.254.177,443,2.82,FR,CDG,152.24,170.32
173.212.224.25,173.212.224.25,443,2.81,FR,FRA,149.37,177.6
51.91.252.191,51.91.252.191,443,2.81,FR,CDG,145.23,155.62
45.95.172.206,45.95.172.206,443,2.8,FR,FRA,176.54,182.25
51.91.255.97,51.91.255.97,8443,2.77,FR,CDG,209.74,360.91
149.33.1.252,149.33.1.252,443,2.77,FR,CDG,162.74,180.68
51.91.249.223,51.91.249.223,443,2.77,FR,CDG,151.74,174.0
51.91.254.99,51.91.254.99,443,2.75,FR,CDG,142.36,159.38
51.91.248.61,51.91.248.61,8443,2.74,FR,CDG,151.64,158.29
51.91.249.115,51.91.249.115,8443,2.74,FR,CDG,151.22,163.58
51.178.27.222,51.178.27.222,443,2.73,FR,CDG,179.9,211.93
51.91.249.37,51.91.249.37,443,2.73,FR,CDG,145.09,188.04
37.59.97.133,37.59.97.133,8443,2.72,FR,CDG,150.45,162.95
51.178.29.175,51.178.29.175,443,2.72,FR,CDG,146.16,172.33
51.91.255.97,51.91.255.97,443,2.71,FR,CDG,153.6,270.45
51.91.248.99,51.91.248.99,8443,2.7,FR,CDG,151.56,170.32
37.59.96.47,37.59.96.47,8443,2.7,FR,CDG,162.14,176.91
51.91.249.223,51.91.249.223,8443,2.67,FR,CDG,150.32,165.93
51.91.254.153,51.91.254.153,8443,2.64,FR,CDG,145.72,168.33
37.59.97.136,37.59.97.136,443,2.62,FR,CDG,160.78,320.98
37.59.97.133,37.59.97.133,443,2.6,FR,CDG,156.62,165.44
51.91.249.115,51.91.249.115,443,2.58,FR,CDG,149.72,160.07
51.178.162.166,51.178.162.166,443,2.58,FR,CDG,150.44,181.07
51.91.252.191,51.91.252.191,8443,2.55,FR,CDG,150.13,166.13
152.228.135.5,152.228.135.5,8443,2.53,FR,FRA,156.77,171.93
152.228.135.5,152.228.135.5,443,2.52,FR,FRA,159.47,165.08
51.91.252.174,51.91.252.174,443,2.52,FR,CDG,148.92,165.66
51.91.254.153,51.91.254.153,443,2.5,FR,CDG,163.81,181.51
51.91.255.152,51.91.255.152,443,2.49,FR,CDG,149.41,164.43
94.232.247.119,94.232.247.119,443,2.49,FR,CDG,148.01,156.96
51.91.251.198,51.91.251.198,8443,2.48,FR,CDG,155.55,171.3
51.91.249.209,51.91.249.209,443,2.47,FR,CDG,144.36,162.38
51.91.251.198,51.91.251.198,443,2.43,FR,CDG,144.03,166.37
51.91.251.149,51.91.251.149,443,2.41,FR,CDG,144.21,163.99
51.91.250.183,51.91.250.183,443,2.37,FR,CDG,148.97,165.87
51.91.249.29,51.91.249.29,443,2.36,FR,CDG,142.15,156.84
51.91.248.61,51.91.248.61,443,2.36,FR,CDG,158.77,182.97
51.91.254.177,51.91.254.177,8443,2.35,FR,CDG,156.8,173.75
51.91.249.29,51.91.249.29,8443,2.29,FR,CDG,141.98,156.01
51.91.250.77,51.91.250.77,443,2.27,FR,CDG,145.29,159.46
51.91.254.99,51.91.254.99,8443,2.24,FR,CDG,152.02,170.11
51.91.251.16,51.91.251.16,443,2.24,FR,CDG,146.96,164.58
51.91.254.97,51.91.254.97,443,2.22,FR,CDG,151.18,163.32
51.91.248.38,51.91.248.38,443,2.21,FR,CDG,156.04,172.44
51.91.251.31,51.91.251.31,443,2.21,FR,CDG,148.96,158.95
51.91.253.174,51.91.253.174,8443,2.2,FR,CDG,152.09,166.05
51.91.251.144,51.91.251.144,443,2.17,FR,CDG,147.98,169.08
94.183.187.37,94.183.187.37,443,2.17,FR,CDG,152.08,169.88
37.59.97.139,37.59.97.139,443,2.15,FR,CDG,148.16,157.09
37.59.96.23,37.59.96.23,8443,2.14,FR,CDG,154.55,159.99
51.91.251.153,51.91.251.153,443,2.14,FR,CDG,147.4,166.69
51.91.254.100,51.91.254.100,8443,2.13,FR,CDG,154.28,173.3
51.91.250.21,51.91.250.21,8443,2.13,FR,CDG,149.53,164.01
51.91.250.183,51.91.250.183,8443,2.12,FR,CDG,149.04,163.39
51.178.29.175,51.178.29.175,8443,2.12,FR,CDG,143.79,172.47
51.91.248.253,51.91.248.253,443,2.08,FR,CDG,151.17,170.79
51.91.250.245,51.91.250.245,8443,2.07,FR,CDG,150.04,169.12
51.38.44.17,51.38.44.17,443,2.04,FR,CDG,150.87,182.66
51.91.250.218,51.91.250.218,443,2.03,FR,CDG,155.5,160.84
51.91.254.50,51.91.254.50,443,2.01,FR,CDG,147.43,159.59
193.42.60.235,193.42.60.235,443,2.01,FR,FRA,166.62,178.7
51.91.251.16,51.91.251.16,8443,2.0,FR,CDG,142.46,158.26
51.91.253.245,51.91.253.245,443,1.97,FR,CDG,161.71,202.92
37.59.97.140,37.59.97.140,8443,1.94,FR,CDG,165.87,157.87
62.84.183.222,62.84.183.222,8443,1.93,FR,FRA,150.42,163.33
51.91.251.153,51.91.251.153,8443,1.92,FR,CDG,152.63,173.23
51.91.248.99,51.91.248.99,443,1.88,FR,CDG,157.68,185.9
217.60.37.34,217.60.37.34,443,1.87,FR,CDG,222.51,321.57
51.91.252.193,51.91.252.193,443,1.86,FR,CDG,159.36,166.72
51.91.252.193,51.91.252.193,8443,1.85,FR,CDG,148.69,165.74
51.91.251.189,51.91.251.189,8443,1.84,FR,CDG,163.3,187.46
51.91.251.31,51.91.251.31,8443,1.84,FR,CDG,153.16,162.18
51.91.249.209,51.91.249.209,8443,1.83,FR,CDG,153.5,166.73
37.59.96.23,37.59.96.23,443,1.82,FR,CDG,155.64,157.19
37.59.125.113,37.59.125.113,8443,1.79,FR,CDG,150.68,166.4
37.59.97.139,37.59.97.139,8443,1.78,FR,CDG,147.07,162.67
51.91.250.21,51.91.250.21,443,1.74,FR,CDG,151.19,164.51
51.91.254.100,51.91.254.100,443,1.72,FR,CDG,147.17,164.09
51.91.251.87,51.91.251.87,8443,1.67,FR,CDG,147.32,171.78
51.91.249.9,51.91.249.9,443,1.66,FR,CDG,151.67,168.07
51.91.255.197,51.91.255.197,8443,1.64,FR,CDG,149.53,166.34
51.91.255.23,51.91.255.23,443,1.62,FR,CDG,153.17,166.3
51.91.251.37,51.91.251.37,443,1.62,FR,CDG,151.48,164.62
51.91.254.57,51.91.254.57,443,1.61,FR,CDG,151.72,168.05
51.91.255.23,51.91.255.23,8443,1.6,FR,CDG,155.34,170.7
51.91.248.157,51.91.248.157,443,1.6,FR,CDG,149.49,163.65
62.84.183.222,62.84.183.222,443,1.6,FR,FRA,150.77,166.23
51.91.249.9,51.91.249.9,8443,1.59,FR,CDG,145.62,168.41
51.91.248.251,51.91.248.251,443,1.57,FR,CDG,143.72,158.95
51.91.250.33,51.91.250.33,443,1.56,FR,CDG,147.2,176.88
51.91.254.57,51.91.254.57,8443,1.55,FR,CDG,150.32,184.43
51.91.252.174,51.91.252.174,8443,1.55,FR,CDG,154.43,167.8
37.59.96.21,37.59.96.21,443,1.54,FR,CDG,161.35,174.53
138.124.31.203,138.124.31.203,443,1.52,FR,CDG,150.82,160.36
51.91.255.163,51.91.255.163,443,1.51,FR,CDG,150.63,171.54
51.91.251.160,51.91.251.160,443,1.47,FR,CDG,143.35,162.73
51.91.251.87,51.91.251.87,443,1.46,FR,CDG,155.03,174.1
51.91.250.218,51.91.250.218,8443,1.46,FR,CDG,155.36,170.05
152.228.191.232,152.228.191.1,443,1.45,FR,CDG,150.99,153.54
51.91.254.158,51.91.254.158,8443,1.43,FR,CDG,146.28,169.08
51.91.249.45,51.91.249.45,443,1.43,FR,CDG,226.14,165.31
51.91.254.22,51.91.254.22,8443,1.43,FR,CDG,159.09,174.0
37.59.96.50,37.59.96.50,8443,1.42,FR,CDG,149.62,163.59
51.77.141.212,51.77.141.212,8443,1.41,FR,FRA,155.47,188.28
141.94.78.246,141.94.78.246,8443,1.41,FR,CDG,150.91,162.71
152.228.134.239,152.228.134.239,443,1.4,FR,FRA,157.56,170.51
51.91.253.62,51.91.253.62,443,1.39,FR,CDG,152.71,173.52
51.91.254.173,51.91.254.173,8443,1.39,FR,CDG,143.46,165.62
51.91.255.121,51.91.255.121,8443,1.37,FR,CDG,151.52,170.5
51.91.254.22,51.91.254.22,443,1.37,FR,CDG,151.82,169.71
51.91.253.57,51.91.253.57,443,1.37,FR,CDG,158.38,150.17
152.228.216.172,152.228.216.172,443,1.32,FR,CDG,152.02,166.36
51.91.250.77,51.91.250.77,8443,1.31,FR,CDG,149.73,168.06
51.91.252.213,51.91.252.213,443,1.31,FR,CDG,150.9,181.23
51.91.253.83,51.91.253.83,8443,1.3,FR,CDG,146.51,171.65
152.228.216.172,152.228.216.172,8443,1.3,FR,CDG,147.28,161.57
94.131.118.92,94.131.118.92,443,1.29,FR,CDG,138.93,209.21
51.91.253.113,51.91.253.113,8443,1.29,FR,CDG,152.22,162.48
51.91.249.154,51.91.249.154,8443,1.28,FR,CDG,145.85,167.53
152.228.216.146,152.228.216.146,8443,1.26,FR,CDG,151.12,168.14
51.91.251.43,51.91.251.43,443,1.26,FR,CDG,151.85,166.0
37.59.97.135,37.59.97.135,443,1.26,FR,CDG,158.3,167.85
51.91.254.50,51.91.254.50,8443,1.25,FR,CDG,173.63,156.96
51.91.251.37,51.91.251.37,8443,1.25,FR,CDG,145.22,159.29
51.91.254.158,51.91.254.158,443,1.23,FR,CDG,155.0,204.39
51.91.255.121,51.91.255.121,443,1.23,FR,CDG,144.61,179.07
88.218.78.48,88.218.78.48,443,1.23,FR,FRA,175.02,199.73
51.91.248.251,51.91.248.251,8443,1.23,FR,CDG,156.2,168.48
51.91.255.163,51.91.255.163,8443,1.23,FR,CDG,146.66,169.27
51.178.141.191,51.178.141.191,8443,1.22,FR,CDG,153.4,178.8
37.59.96.25,37.59.96.25,8443,1.21,FR,CDG,176.83,160.07
51.91.253.113,51.91.253.113,443,1.21,FR,CDG,163.28,171.73
37.59.96.50,37.59.96.50,443,1.19,FR,CDG,161.09,179.34
51.91.251.160,51.91.251.160,8443,1.19,FR,CDG,148.17,168.26
51.91.253.218,51.91.253.218,8443,1.18,FR,CDG,143.55,161.89
51.91.250.92,51.91.250.92,8443,1.18,FR,CDG,163.15,161.96
51.91.249.126,51.91.249.126,8443,1.18,FR,CDG,149.59,159.09
51.91.254.189,51.91.254.189,443,1.18,FR,CDG,156.65,158.25
51.91.253.62,51.91.253.62,8443,1.17,FR,CDG,152.79,233.76
51.178.137.248,51.178.137.248,443,1.16,FR,CDG,151.94,158.68
51.91.253.83,51.91.253.83,443,1.15,FR,CDG,143.89,161.81
51.91.248.157,51.91.248.157,8443,1.14,FR,CDG,146.02,183.67
51.91.250.33,51.91.250.33,8443,1.14,FR,CDG,147.33,160.59
152.228.134.239,152.228.134.239,8443,1.14,FR,FRA,158.33,170.01
152.228.216.146,152.228.216.146,443,1.13,FR,CDG,151.33,165.57
51.91.253.112,51.91.253.112,8443,1.13,FR,CDG,158.78,170.68
152.228.134.60,152.228.134.60,443,1.13,FR,FRA,155.33,162.38
51.91.249.154,51.91.249.154,443,1.12,FR,CDG,153.37,165.56
152.228.217.69,152.228.217.69,8443,1.12,FR,CDG,151.87,163.37
88.218.78.167,88.218.78.167,443,1.11,FR,FRA,178.62,196.15
51.91.249.45,51.91.249.45,8443,1.11,FR,CDG,150.61,165.01
51.91.252.200,51.91.252.200,8443,1.11,FR,CDG,154.05,171.81
51.91.248.218,51.91.248.218,8443,1.1,FR,CDG,143.12,156.59
51.91.250.152,51.91.250.152,8443,1.09,FR,CDG,152.63,172.67
84.247.166.22,84.247.166.22,443,1.09,FR,FRA,152.59,178.54
51.91.253.112,51.91.253.112,443,1.08,FR,CDG,154.37,198.72
37.59.97.140,37.59.97.140,443,1.08,FR,CDG,147.81,163.56
51.91.251.43,51.91.251.43,8443,1.07,FR,CDG,143.15,157.41
51.178.141.36,51.178.141.36,443,1.07,FR,CDG,167.05,165.59
152.228.217.69,152.228.217.69,443,1.06,FR,CDG,156.37,167.37
51.91.248.218,51.91.248.218,443,1.04,FR,CDG,142.23,156.21
37.59.97.135,37.59.97.135,8443,1.04,FR,CDG,147.06,162.86
37.59.96.48,37.59.96.48,8443,1.03,FR,CDG,147.09,160.97
51.178.141.36,51.178.141.36,8443,1.03,FR,CDG,143.28,160.83
51.91.253.218,51.91.253.218,443,1.01,FR,CDG,156.94,171.29
185.217.110.23,185.217.110.23,443,5.62,GB,LHR,143.63,157.67
68.168.31.169,68.168.31.164,443,4.17,GB,LHR,152.03,149.53
57.128.177.235,57.128.177.235,8443,3.84,GB,LHR,140.58,150.97
185.212.62.204,185.212.62.204,443,3.8,GB,LHR,141.29,151.22
57.129.137.83,57.129.137.83,8443,3.75,GB,LHR,136.99,151.5
87.117.247.27,87.117.247.27,443,3.75,GB,LHR,138.3,145.7
57.129.137.65,57.129.137.65,8443,3.74,GB,LHR,138.2,185.95
57.129.137.65,57.129.137.65,443,3.66,GB,LHR,156.94,144.25
57.129.137.95,57.129.137.95,443,3.64,GB,LHR,150.96,159.87
57.129.137.225,57.129.137.225,8443,3.64,GB,LHR,146.33,288.22
178.62.27.74,178.62.27.74,443,3.61,GB,LHR,147.69,163.42
57.129.137.233,57.129.137.233,443,3.56,GB,LHR,147.37,167.95
57.129.137.69,57.129.137.69,443,3.52,GB,LHR,145.83,144.6
57.129.137.70,57.129.137.70,8443,3.51,GB,LHR,207.19,287.0
45.140.167.43,45.140.167.43,443,3.47,GB,LHR,150.6,161.38
57.128.179.254,57.128.179.254,443,3.44,GB,LHR,145.26,164.75
103.13.208.242,103.13.208.242,443,3.35,GB,LHR,151.07,150.11
57.129.137.86,57.129.137.86,443,3.28,GB,LHR,141.01,156.04
57.129.137.229,57.129.137.229,8443,3.27,GB,LHR,148.2,173.52
57.128.181.88,57.128.181.88,443,3.26,GB,LHR,158.28,175.21
57.129.137.212,57.129.137.212,8443,3.26,GB,LHR,164.74,169.89
57.129.137.85,57.129.137.85,8443,3.26,GB,LHR,156.42,190.92
57.128.179.254,57.128.179.254,8443,3.25,GB,LHR,148.27,156.69
57.129.137.85,57.129.137.85,443,3.24,GB,LHR,157.17,167.54
87.106.65.110,87.106.65.110,443,3.22,GB,LHR,171.78,265.38
57.128.183.107,57.128.183.107,443,3.18,GB,LHR,152.31,161.41
57.128.183.79,57.128.183.79,8443,3.13,GB,LHR,139.42,150.37
57.128.178.42,57.128.178.42,8443,3.12,GB,LHR,143.18,282.75
57.129.137.212,57.129.137.212,443,3.09,GB,LHR,144.36,208.7
57.128.183.90,57.128.183.90,443,3.08,GB,LHR,137.94,150.23
45.89.111.20,45.89.111.20,443,3.07,GB,LHR,143.76,160.85
57.129.137.225,57.129.137.225,443,3.07,GB,LHR,141.15,243.69
57.128.183.137,57.128.183.137,8443,3.06,GB,LHR,144.77,156.99
57.128.183.137,57.128.183.137,443,3.06,GB,LHR,143.75,148.13
57.129.137.61,57.129.137.61,443,3.05,GB,LHR,138.08,149.39
57.129.137.54,57.129.137.54,443,3.04,GB,LHR,140.87,147.66
57.128.177.176,57.128.177.176,8443,3.03,GB,LHR,143.18,157.28
57.129.137.232,57.129.137.232,8443,3.03,GB,LHR,136.8,146.5
57.128.183.90,57.128.183.90,8443,3.01,GB,LHR,137.01,149.96
57.128.177.206,57.128.177.206,443,3.01,GB,LHR,139.69,156.28
57.129.137.52,57.129.137.52,8443,3.0,GB,LHR,141.94,162.87
57.129.137.52,57.129.137.52,443,3.0,GB,LHR,159.79,171.77
57.128.181.91,57.128.181.91,8443,3.0,GB,LHR,145.69,174.26
57.129.137.201,57.129.137.201,8443,2.98,GB,LHR,142.89,174.17
57.129.137.235,57.129.137.235,443,2.97,GB,LHR,143.95,178.22
57.129.137.62,57.129.137.62,443,2.97,GB,LHR,147.73,157.22
132.145.29.208,132.145.29.208,443,2.96,GB,LHR,138.84,144.99
57.128.180.133,57.128.180.133,443,2.95,GB,LHR,158.17,186.04
57.129.137.60,57.129.137.60,443,2.95,GB,LHR,140.95,164.01
57.129.137.72,57.129.137.72,8443,2.92,GB,LHR,144.07,156.68
159.65.19.63,159.65.19.63,443,2.92,GB,LHR,147.79,160.98
57.128.183.248,57.128.183.248,443,2.91,GB,LHR,148.39,152.75
109.169.76.23,109.169.76.23,443,2.9,GB,LHR,147.54,225.57
57.129.137.62,57.129.137.62,8443,2.9,GB,LHR,155.37,154.18
57.128.178.183,57.128.178.183,443,2.89,GB,LHR,152.26,170.32
57.128.176.147,57.128.176.147,8443,2.88,GB,LHR,153.07,172.86
57.128.183.248,57.128.183.248,8443,2.88,GB,LHR,162.66,153.38
57.129.137.217,57.129.137.217,443,2.88,GB,LHR,155.74,374.1
57.128.181.91,57.128.181.91,443,2.87,GB,LHR,148.03,262.91
57.128.183.107,57.128.183.107,8443,2.86,GB,LHR,148.68,157.61
57.128.183.82,57.128.183.82,443,2.85,GB,LHR,141.56,145.66
57.129.137.80,57.129.137.80,8443,2.84,GB,LHR,139.87,148.53
57.129.137.234,57.129.137.234,443,2.84,GB,LHR,149.86,161.49
57.128.179.10,57.128.179.10,443,2.84,GB,LHR,136.71,151.64
57.129.137.60,57.129.137.60,8443,2.84,GB,LHR,143.4,158.55
57.129.137.199,57.129.137.199,8443,2.83,GB,LHR,140.38,158.34
57.128.181.88,57.128.181.88,8443,2.82,GB,LHR,151.3,167.61
57.128.178.42,57.128.178.42,443,2.81,GB,LHR,148.64,271.95
57.128.180.98,57.128.180.98,8443,2.81,GB,LHR,144.29,174.34
57.128.180.133,57.128.180.133,8443,2.79,GB,LHR,173.78,182.74
57.129.137.239,57.129.137.239,443,2.79,GB,LHR,147.5,158.3
57.129.137.96,57.129.137.96,443,2.78,GB,LHR,146.35,149.09
57.129.137.95,57.129.137.95,8443,2.74,GB,LHR,143.87,153.22
57.129.137.72,57.129.137.72,443,2.73,GB,LHR,145.58,162.82
57.128.180.59,57.128.180.59,8443,2.72,GB,LHR,138.17,149.18
57.128.182.52,57.128.182.52,443,2.7,GB,LHR,148.45,186.8
57.129.137.54,57.129.137.54,8443,2.7,GB,LHR,151.91,155.47
57.129.137.217,57.129.137.217,8443,2.7,GB,LHR,162.17,268.13
57.129.137.213,57.129.137.213,443,2.69,GB,LHR,155.01,158.65
57.129.137.243,57.129.137.243,443,2.68,GB,LHR,144.65,165.24
57.128.178.196,57.128.178.196,443,2.67,GB,LHR,155.23,251.61
57.129.137.83,57.129.137.83,443,2.66,GB,LHR,137.73,153.02
57.128.182.52,57.128.182.52,8443,2.66,GB,LHR,149.24,183.97
213.1.145.50,213.1.145.4,443,2.65,GB,LHR,140.1,153.31
57.129.137.198,57.129.137.198,443,2.64,GB,LHR,176.89,160.77
57.128.181.82,57.128.181.82,8443,2.62,GB,LHR,148.17,242.82
57.128.183.214,57.128.183.214,8443,2.62,GB,LHR,147.94,156.28
57.128.176.90,57.128.176.90,8443,2.61,GB,LHR,139.38,151.95
57.129.137.214,57.129.137.214,8443,2.61,GB,LHR,142.88,163.75
57.129.137.234,57.129.137.234,8443,2.6,GB,LHR,144.97,160.74
57.128.183.79,57.128.183.79,443,2.59,GB,LHR,138.85,146.29
57.129.137.69,57.129.137.69,8443,2.59,GB,LHR,144.22,153.73
57.129.137.214,57.129.137.214,443,2.59,GB,LHR,141.63,163.86
57.128.179.10,57.128.179.10,8443,2.59,GB,LHR,140.47,148.61
57.129.137.242,57.129.137.242,8443,2.57,GB,LHR,143.82,165.21
57.129.137.243,57.129.137.243,8443,2.55,GB,LHR,148.0,146.61
57.129.137.203,57.129.137.203,443,2.54,GB,LHR,146.01,154.42
57.128.181.125,57.128.181.125,443,2.51,GB,LHR,137.39,158.29
57.129.137.205,57.129.137.205,443,2.5,GB,LHR,148.57,181.5
57.128.178.196,57.128.178.196,8443,2.5,GB,LHR,144.85,253.25
57.129.137.201,57.129.137.201,443,2.5,GB,LHR,146.7,166.5
57.129.137.213,57.129.137.213,8443,2.49,GB,LHR,154.9,176.05
57.129.137.206,57.129.137.206,8443,2.43,GB,LHR,136.96,144.31
57.129.137.80,57.129.137.80,443,2.42,GB,LHR,152.4,151.04
57.129.137.70,57.129.137.70,443,2.42,GB,LHR,149.21,175.73
57.129.137.87,57.129.137.87,443,2.39,GB,LHR,141.3,148.14
57.128.177.235,57.128.177.235,443,2.39,GB,LHR,139.54,146.72
57.129.137.220,57.129.137.220,8443,2.38,GB,LHR,162.15,168.65
57.129.137.242,57.129.137.242,443,2.38,GB,LHR,146.54,172.05
57.129.137.232,57.129.137.232,443,2.38,GB,LHR,149.4,155.82
57.129.137.229,57.129.137.229,443,2.37,GB,LHR,159.06,175.26
57.129.137.233,57.129.137.233,8443,2.35,GB,LHR,140.36,150.24
57.129.137.235,57.129.137.235,8443,2.33,GB,LHR,138.97,169.8
57.128.176.90,57.128.176.90,443,2.33,GB,LHR,143.16,155.92
57.128.183.40,57.128.183.40,8443,2.33,GB,LHR,138.14,144.9
57.128.177.206,57.128.177.206,8443,2.33,GB,LHR,150.84,158.37
57.129.137.56,57.129.137.56,443,2.33,GB,LHR,135.72,143.95
18.130.235.174,18.130.235.174,443,2.32,GB,LHR,149.52,165.19
57.129.137.86,57.129.137.86,8443,2.3,GB,LHR,145.55,158.34
57.128.181.26,57.128.181.26,8443,2.29,GB,LHR,139.83,147.44
57.129.137.61,57.129.137.61,8443,2.29,GB,LHR,139.81,146.05
57.128.181.125,57.128.181.125,8443,2.25,GB,LHR,141.44,146.65
57.128.180.98,57.128.180.98,443,2.25,GB,LHR,143.55,178.01
57.128.183.40,57.128.183.40,443,2.24,GB,LHR,158.85,158.48
57.128.181.24,57.128.181.24,443,2.24,GB,LHR,140.92,156.66
57.129.137.245,57.129.137.245,443,2.24,GB,LHR,143.14,146.79
57.129.137.205,57.129.137.205,8443,2.23,GB,LHR,163.73,155.69
57.129.137.56,57.129.137.56,8443,2.23,GB,LHR,136.37,144.04
18.170.77.148,18.170.77.148,443,2.23,GB,LHR,142.34,149.37
57.128.183.82,57.128.183.82,8443,2.22,GB,LHR,151.78,152.36
57.129.137.198,57.129.137.198,8443,2.21,GB,LHR,165.52,173.14
57.129.137.207,57.129.137.207,443,2.2,GB,LHR,147.36,154.65
57.129.137.239,57.129.137.239,8443,2.19,GB,LHR,151.8,155.48
185.66.164.51,185.66.164.4,443,2.19,GB,LHR,147.34,157.72
57.128.181.24,57.128.181.24,8443,2.19,GB,LHR,140.65,153.29
91.149.238.31,91.149.238.31,443,2.18,GB,LHR,138.03,164.23
57.128.182.234,57.128.182.234,443,2.17,GB,LHR,141.9,161.83
57.128.182.234,57.128.182.234,8443,2.16,GB,LHR,139.89,169.98
57.128.183.225,57.128.183.225,8443,2.15,GB,LHR,143.2,147.98
57.129.137.206,57.129.137.206,443,2.15,GB,LHR,142.22,149.84
57.128.181.26,57.128.181.26,443,2.14,GB,LHR,149.25,155.69
57.128.177.176,57.128.177.176,443,2.1,GB,LHR,145.9,154.68
57.129.137.197,57.129.137.197,443,2.1,GB,LHR,139.77,148.12
57.129.137.236,57.129.137.236,8443,2.09,GB,LHR,142.41,150.96
57.129.137.58,57.129.137.58,443,2.08,GB,LHR,141.16,149.52
57.129.137.82,57.129.137.82,443,2.07,GB,LHR,145.09,163.69
57.129.137.245,57.129.137.245,8443,2.06,GB,LHR,143.82,150.45
57.128.177.172,57.128.177.172,443,2.05,GB,LHR,142.65,149.25
57.128.181.219,57.128.181.219,8443,2.01,GB,LHR,137.53,143.5
57.128.183.13,57.128.183.13,443,2.01,GB,LHR,142.15,149.87
57.129.137.89,57.129.137.89,443,2.0,GB,LHR,143.42,151.57
57.128.183.13,57.128.183.13,8443,2.0,GB,LHR,146.7,153.41
57.128.178.183,57.128.178.183,8443,1.99,GB,LHR,142.44,158.94
57.129.137.58,57.129.137.58,8443,1.98,GB,LHR,144.1,150.92
57.129.137.236,57.129.137.236,443,1.98,GB,LHR,135.95,142.39
57.128.178.232,57.128.178.232,8443,1.98,GB,LHR,141.99,150.78
188.166.144.219,188.166.144.219,443,1.96,GB,LHR,140.93,149.68
213.165.88.177,213.165.88.177,443,1.95,GB,LHR,151.16,181.58
57.129.137.203,57.129.137.203,8443,1.93,GB,LHR,148.81,163.28
57.128.183.225,57.128.183.225,443,1.93,GB,LHR,145.88,150.43
57.129.137.211,57.129.137.211,443,1.91,GB,LHR,144.4,153.29
57.128.177.191,57.128.177.191,8443,1.89,GB,LHR,152.25,165.28
213.108.20.161,2a12:5940:af82::2,443,1.88,GB,FRA,163.18,182.06
91.186.219.191,2a0b:4140:6365::2,443,1.88,GB,FRA,188.48,259.87
57.128.178.232,57.128.178.232,443,1.85,GB,LHR,148.32,156.16
57.129.137.199,57.129.137.199,443,1.84,GB,LHR,142.84,148.8
57.128.179.45,57.128.179.45,8443,1.83,GB,LHR,151.08,168.21
57.129.137.89,57.129.137.89,8443,1.82,GB,LHR,148.07,154.4
57.128.180.59,57.128.180.59,443,1.82,GB,LHR,142.01,146.99
57.128.177.172,57.128.177.172,8443,1.78,GB,LHR,139.43,145.41
37.157.242.193,37.157.242.6,443,1.77,GB,LHR,145.56,154.56
57.129.137.238,57.129.137.238,443,1.76,GB,LHR,146.95,147.5
57.129.137.220,57.129.137.220,443,1.75,GB,LHR,163.77,187.31
57.129.137.53,57.129.137.53,443,1.74,GB,LHR,144.05,153.41
57.129.137.226,57.129.137.226,8443,1.72,GB,LHR,148.04,156.82
57.128.176.87,57.128.176.87,443,1.7,GB,LHR,165.99,154.48
57.129.137.207,57.129.137.207,8443,1.69,GB,LHR,147.64,159.99
57.128.183.214,57.128.183.214,443,1.68,GB,LHR,142.38,152.36
37.157.242.6,37.157.242.6,443,1.67,GB,LHR,152.8,147.16
57.129.137.53,57.129.137.53,8443,1.67,GB,LHR,142.51,154.36
57.128.183.245,57.128.183.245,8443,1.66,GB,LHR,143.47,162.09
35.176.187.206,35.176.187.206,443,1.66,GB,LHR,143.01,154.09
57.129.137.240,57.129.137.240,8443,1.65,GB,LHR,147.96,158.26
57.128.179.189,57.128.179.189,443,1.65,GB,LHR,154.29,149.33
57.128.183.77,57.128.183.77,8443,1.65,GB,LHR,144.06,148.39
57.129.137.221,57.129.137.221,443,1.63,GB,LHR,138.11,149.18
57.129.137.216,57.129.137.216,443,1.63,GB,LHR,142.49,180.03
57.129.137.51,57.129.137.51,443,1.62,GB,LHR,142.41,171.05
57.129.137.209,57.129.137.209,443,1.62,GB,LHR,145.56,149.36
57.128.182.76,57.128.182.76,443,1.62,GB,LHR,143.6,149.46
18.134.196.127,18.134.196.127,443,1.62,GB,LHR,139.82,148.0
217.154.53.220,217.154.53.220,443,1.61,GB,LHR,157.34,177.99
57.129.137.96,57.129.137.96,8443,1.6,GB,LHR,152.56,164.64
57.128.177.22,57.128.177.22,8443,1.59,GB,LHR,142.99,150.32
57.128.182.76,57.128.182.76,8443,1.58,GB,LHR,139.46,147.79
57.129.137.50,57.129.137.50,8443,1.57,GB,LHR,142.92,151.6
89.169.34.99,2a0b:4140:9568::2,443,1.57,GB,FRA,216.15,248.19
2.56.179.89,2.56.179.89,443,1.55,GB,LHR,146.05,178.71
57.128.177.185,57.128.177.185,443,1.54,GB,LHR,161.66,163.07
57.129.137.63,57.129.137.63,8443,1.54,GB,LHR,140.9,154.45
185.132.39.46,185.132.39.46,443,1.53,GB,LHR,175.77,178.02
57.128.182.61,57.128.182.61,443,1.53,GB,LHR,142.68,188.72
217.154.53.220,217.154.53.220,8443,1.53,GB,LHR,150.45,222.66
57.129.137.219,57.129.137.219,8443,1.52,GB,LHR,140.21,145.45
57.128.183.196,57.128.183.196,8443,1.51,GB,LHR,144.16,161.0
57.128.182.61,57.128.182.61,8443,1.49,GB,LHR,150.6,180.1
79.72.91.32,79.72.91.32,443,1.48,GB,LHR,144.89,151.79
57.129.137.209,57.129.137.209,8443,1.45,GB,LHR,145.28,148.63
57.129.137.240,57.129.137.240,443,1.45,GB,LHR,139.19,147.9
129.151.74.25,129.151.74.25,443,1.45,GB,LHR,154.79,151.81
84.8.145.58,84.8.145.58,443,1.45,GB,LHR,138.0,152.62
57.128.177.203,57.128.177.203,443,1.43,GB,LHR,140.5,150.47
57.129.137.94,57.129.137.94,8443,1.42,GB,LHR,137.24,151.87
57.128.183.142,57.128.183.142,443,1.42,GB,LHR,145.74,177.88
57.129.137.197,57.129.137.197,8443,1.42,GB,LHR,147.39,154.88
57.128.177.191,57.128.177.191,443,1.4,GB,LHR,160.61,217.24
57.129.137.93,57.129.137.93,443,1.4,GB,LHR,148.35,153.46
57.128.182.21,57.128.182.21,8443,1.39,GB,LHR,154.17,225.57
57.128.176.147,57.128.176.147,443,1.38,GB,LHR,143.43,172.94
57.128.176.82,57.128.176.82,443,1.38,GB,LHR,140.94,144.94
57.129.137.215,57.129.137.215,443,1.38,GB,LHR,138.18,187.89
57.128.176.149,57.128.176.149,8443,1.37,GB,LHR,136.94,145.53
57.128.179.9,57.128.179.9,443,1.37,GB,LHR,140.21,176.51
57.129.137.223,57.129.137.223,8443,1.37,GB,LHR,150.19,161.56
57.128.183.138,57.128.183.138,8443,1.36,GB,LHR,143.72,168.93
57.129.137.49,57.129.137.49,443,1.35,GB,LHR,144.19,153.37
57.128.176.37,57.128.176.37,443,1.35,GB,LHR,139.82,152.48
57.128.183.143,57.128.183.143,8443,1.35,GB,LHR,143.97,150.84
57.129.137.77,57.129.137.77,8443,1.34,GB,LHR,151.74,154.95
87.117.247.29,87.117.247.27,443,1.34,GB,LHR,146.16,179.96
57.128.179.9,57.128.179.9,8443,1.33,GB,LHR,151.2,166.56
57.128.183.59,57.128.183.59,443,1.32,GB,LHR,148.33,182.76
57.129.137.244,57.129.137.244,443,1.32,GB,LHR,161.09,151.35
57.129.137.231,57.129.137.231,443,1.32,GB,LHR,148.13,168.32
57.129.137.82,57.129.137.82,8443,1.31,GB,LHR,150.97,155.45
57.128.183.196,57.128.183.196,443,1.31,GB,LHR,149.16,156.1
57.129.137.50,57.129.137.50,443,1.28,GB,LHR,148.65,151.52
194.147.35.63,194.147.35.63,443,1.28,GB,LHR,157.63,199.43
57.129.137.230,57.129.137.230,8443,1.28,GB,LHR,146.38,162.56
57.128.180.80,57.128.180.80,8443,1.26,GB,LHR,140.57,149.97
57.128.182.21,57.128.182.21,443,1.25,GB,LHR,143.97,162.66
57.129.137.79,57.129.137.79,443,1.25,GB,LHR,146.69,175.92
57.129.137.218,57.129.137.218,443,1.25,GB,LHR,140.27,158.65
57.129.137.224,57.129.137.224,443,1.25,GB,LHR,167.47,144.59
57.128.176.149,57.128.176.149,443,1.24,GB,LHR,142.24,153.16
57.128.183.59,57.128.183.59,8443,1.24,GB,LHR,140.78,173.09
57.129.137.49,57.129.137.49,8443,1.23,GB,LHR,150.41,158.42
57.128.181.219,57.128.181.219,443,1.22,GB,LHR,142.88,149.51
57.129.137.224,57.129.137.224,8443,1.22,GB,LHR,155.56,160.31
57.128.177.203,57.128.177.203,8443,1.21,GB,LHR,144.64,166.56
57.129.137.79,57.129.137.79,8443,1.21,GB,LHR,139.06,161.54
57.128.183.138,57.128.183.138,443,1.21,GB,LHR,143.67,175.51
57.129.137.71,57.129.137.71,8443,1.21,GB,LHR,146.0,149.05
57.129.137.90,57.129.137.90,443,1.2,GB,LHR,137.28,156.12
57.129.137.93,57.129.137.93,8443,1.18,GB,LHR,145.06,149.95
78.129.165.129,84.22.164.30,443,1.17,GB,LHR,141.31,158.51
57.128.178.79,57.128.178.79,8443,1.17,GB,LHR,146.46,166.93
57.128.177.198,57.128.177.198,8443,1.16,GB,LHR,140.79,164.77
57.129.137.73,57.129.137.73,443,1.16,GB,LHR,149.15,152.06
57.128.177.198,57.128.177.198,443,1.15,GB,LHR,144.6,160.81
146.19.230.133,146.19.230.133,443,1.14,GB,LHR,143.37,190.66
57.128.180.238,57.128.180.238,8443,1.14,GB,LHR,151.94,152.32
57.128.178.79,57.128.178.79,443,1.14,GB,LHR,159.6,187.85
57.129.137.211,57.129.137.211,8443,1.13,GB,LHR,135.92,145.05
57.129.137.208,57.129.137.208,8443,1.12,GB,LHR,153.61,147.96
57.129.137.66,57.129.137.66,8443,1.11,GB,LHR,141.82,148.59
57.128.177.22,57.128.177.22,443,1.11,GB,LHR,145.7,155.81
57.129.137.215,57.129.137.215,8443,1.11,GB,LHR,142.39,156.8
57.129.137.228,57.129.137.228,8443,1.1,GB,LHR,149.91,155.44
57.129.137.51,57.129.137.51,8443,1.09,GB,LHR,147.27,194.87
57.128.183.245,57.128.183.245,443,1.09,GB,LHR,143.98,150.17
57.129.137.78,57.129.137.78,8443,1.09,GB,LHR,144.23,149.36
77.91.101.14,77.91.101.14,443,1.09,GB,LHR,148.29,157.42
57.129.137.231,57.129.137.231,8443,1.09,GB,LHR,141.73,147.05
57.129.137.90,57.129.137.90,8443,1.08,GB,LHR,143.88,168.84
57.129.137.227,57.129.137.227,443,1.08,GB,LHR,143.29,164.18
57.129.137.218,57.129.137.218,8443,1.08,GB,LHR,142.9,158.97
57.129.137.71,57.129.137.71,443,1.08,GB,LHR,144.63,149.87
141.147.114.60,141.147.114.60,443,1.07,GB,LHR,143.32,151.58
57.129.137.57,57.129.137.57,8443,1.06,GB,LHR,144.13,146.62
57.128.178.122,57.128.178.122,8443,1.06,GB,LHR,142.55,145.76
57.128.183.142,57.128.183.142,8443,1.03,GB,LHR,145.89,180.28
57.128.183.3,57.128.183.3,443,1.02,GB,LHR,152.4,167.52
57.129.137.226,57.129.137.226,443,1.02,GB,LHR,145.11,149.2
57.128.183.35,57.128.183.35,8443,1.02,GB,LHR,154.78,146.55
91.132.95.212,91.132.95.212,443,1.01,GB,LHR,154.09,144.46
163.5.58.140,2400:f880:d5d:8aa6::8,443,2.32,HK,HKG,151.68,160.88
43.168.16.112,43.175.115.219,443,2.25,HK,HKG,154.24,160.31
156.230.12.71,156.230.12.66,443,2.21,HK,HKG,152.49,167.88
47.239.231.121,47.239.231.121,443,1.14,HK,HKG,150.99,169.29
129.154.251.13,129.154.251.13,443,1.25,IN,BOM,223.67,233.82
172.236.187.52,172.236.187.52,443,1.2,IN,BOM,224.57,229.84
143.110.247.61,143.110.247.61,443,1.2,IN,BLR,233.9,243.57
143.110.247.61,143.110.247.61,2096,1.17,IN,BLR,232.68,240.67
143.110.247.61,143.110.247.61,8443,1.05,IN,BLR,233.54,243.63
216.10.243.159,43.225.54.7,443,1.04,IN,BOM,222.22,233.14
143.110.247.61,143.110.247.61,2053,1.02,IN,BLR,233.1,240.69
43.170.8.95,43.175.16.79,443,18.4,JP,NRT,116.59,118.69
172.104.97.39,172.104.97.39,443,16.75,JP,NRT,109.86,132.76
64.176.54.102,64.176.54.102,443,8.9,JP,KIX,134.79,278.12
172.235.211.171,172.235.211.171,443,7.15,JP,KIX,133.99,139.92
64.176.56.68,64.176.56.68,443,6.05,JP,KIX,115.58,126.78
132.226.7.217,132.226.7.217,443,5.82,JP,NRT,106.84,117.91
150.230.5.126,2603:c023:5:be04::44,443,3.32,JP,KIX,122.66,128.21
8.222.185.236,8.221.173.55,443,2.0,JP,NRT,170.54,256.16
149.28.21.106,149.28.21.106,443,1.87,JP,NRT,104.98,114.7
89.125.244.207,89.125.244.207,443,1.32,JP,NRT,103.22,110.73
158.101.78.162,158.101.78.162,443,1.21,JP,NRT,105.16,114.41
8.222.193.153,8.221.169.97,443,1.09,JP,NRT,170.13,248.43
8.219.155.125,8.221.173.54,443,1.06,JP,NRT,169.19,246.24
158.247.199.106,158.247.199.106,443,6.09,KR,ICN,131.05,159.65
140.238.17.157,2603:c022:800d:d100::aaaa,443,5.35,KR,ICN,139.39,139.16
64.110.71.6,2603:c022:8001:7833:c0ce:af7c:2944:e9f9,443,3.47,KR,ICN,130.1,137.07
146.56.188.74,146.56.188.74,443,3.36,KR,ICN,133.13,144.4
130.162.132.38,130.162.132.38,443,2.91,KR,ICN,130.69,153.59
158.180.72.60,158.180.72.60,443,2.52,KR,ICN,129.95,145.8
129.154.50.159,2603:c024:f:42bb:103e:2ba7:f6bc:66f7,443,2.3,KR,ICN,130.66,141.17
144.24.73.232,144.24.73.232,443,2.12,KR,ICN,130.68,140.92
193.123.232.91,2603:c022:800f:6d83:4a4:1527:6979:8db,443,1.85,KR,ICN,141.48,139.02
123.111.169.70,123.111.169.70,2096,1.64,KR,ICN,136.4,134.66
161.118.151.101,2603:c022:8001:6c11:bf03:707a:ed83:fcb6,443,1.55,KR,ICN,132.7,143.32
45.196.233.37,2602:fa4f:a30:3838:976c:76f6:ec2a:f781,443,1.51,KR,NRT,103.68,111.94
123.111.169.70,123.111.169.70,443,1.5,KR,ICN,132.56,134.53
43.200.87.5,2406:da12:faf:7b00:689e:fec4:89ba:1a38,443,1.47,KR,ICN,136.49,144.59
123.111.169.70,123.111.169.70,2053,1.31,KR,ICN,131.43,134.09
119.205.235.58,119.205.235.58,443,1.23,KR,ICN,391.37,223.24
45.93.31.34,45.93.31.34,443,1.21,KR,ICN,129.28,151.41
123.111.169.70,123.111.169.70,8443,1.21,KR,ICN,142.3,148.44
123.111.169.70,123.111.169.70,2087,1.13,KR,ICN,138.4,138.34
123.111.169.70,123.111.169.70,2083,1.09,KR,ICN,133.84,134.19
92.118.170.191,92.118.170.191,443,2.1,LV,RIX,165.49,174.22
77.73.71.196,77.73.71.196,443,1.93,LV,VNO,177.61,307.62
185.242.107.169,185.242.107.169,443,1.27,LV,RIX,171.35,207.14
43.170.17.114,43.174.105.251,443,6.53,NL,AMS,174.75,169.94
62.197.48.250,62.197.48.250,443,5.26,NL,AMS,157.85,167.42
134.122.54.149,134.122.54.149,443,4.29,NL,AMS,158.77,186.4
144.124.252.83,144.124.252.83,443,4.22,NL,AMS,141.83,225.35
212.111.89.16,212.111.89.16,443,3.85,NL,AMS,173.07,191.0
138.124.67.58,138.124.67.58,443,3.85,NL,AMS,154.28,238.98
185.239.71.202,185.239.71.202,443,3.8,NL,AMS,156.82,149.99
178.208.79.44,178.208.79.44,443,3.79,NL,AMS,143.01,180.64
80.74.30.241,80.74.30.241,443,3.79,NL,AMS,156.87,164.78
82.115.7.17,82.115.7.17,443,3.79,NL,AMS,154.67,182.55
212.69.84.32,212.69.84.32,443,3.73,NL,AMS,148.02,171.48
89.124.86.85,89.124.86.85,443,3.66,NL,AMS,150.52,169.25
31.207.47.231,31.207.47.231,443,3.44,NL,AMS,200.01,224.64
146.190.236.144,146.190.236.144,443,3.42,NL,AMS,150.79,157.83
186.190.213.5,186.190.213.5,443,3.41,NL,DUS,157.52,230.6
82.23.163.39,82.23.163.39,443,3.4,NL,AMS,154.62,175.12
82.115.5.157,82.115.5.157,443,3.37,NL,AMS,156.81,160.47
91.201.115.92,91.201.115.92,443,3.26,NL,AMS,158.93,196.6
194.87.82.149,194.87.82.149,443,3.26,NL,AMS,154.1,158.65
109.120.142.143,109.120.142.143,443,3.24,NL,AMS,193.4,241.26
185.130.224.236,185.130.224.236,443,3.23,NL,AMS,150.74,191.6
147.45.228.4,147.45.228.4,443,3.22,NL,FRA,153.41,187.15
5.129.218.139,5.129.218.139,443,3.15,NL,FRA,238.97,276.72
82.40.60.127,82.40.60.127,443,3.1,NL,AMS,152.55,233.73
2.26.83.250,2.26.83.250,443,3.04,NL,AMS,166.77,299.64
193.233.127.123,193.233.127.123,443,3.0,NL,AMS,156.65,204.63
78.40.197.85,78.40.197.85,443,3.0,NL,AMS,153.98,163.08
91.84.101.164,91.84.101.164,8443,3.0,NL,AMS,153.8,160.7
103.137.248.227,103.137.248.227,443,2.96,NL,AMS,153.57,172.98
82.115.6.21,82.115.6.21,443,2.95,NL,AMS,168.21,184.77
146.0.79.119,146.0.79.119,443,2.93,NL,AMS,160.23,172.25
83.217.222.170,83.217.222.170,443,2.92,NL,FRA,155.12,172.26
94.176.3.215,94.176.3.215,443,2.91,NL,AMS,151.45,191.82
144.31.70.222,144.31.70.222,443,2.9,NL,FRA,155.04,164.98
152.53.200.72,152.53.200.72,8443,2.9,NL,AMS,160.86,193.68
92.51.47.199,92.51.47.199,443,2.89,NL,FRA,146.33,169.46
144.31.24.77,144.31.24.77,443,2.88,NL,AMS,142.8,157.7
23.94.220.207,23.94.220.207,443,2.87,NL,AMS,157.34,207.65
38.180.160.199,38.180.160.199,8443,2.85,NL,AMS,153.41,175.1
72.56.96.230,72.56.96.230,443,2.85,NL,FRA,151.28,174.75
185.94.165.207,185.94.165.207,443,2.85,NL,AMS,183.65,239.58
146.103.109.132,146.103.109.132,443,2.84,NL,AMS,160.78,203.04
212.34.128.194,212.34.128.194,8443,2.83,NL,AMS,152.64,162.36
89.150.59.208,89.150.59.208,443,2.83,NL,AMS,148.7,150.37
195.63.129.36,195.63.135.129,443,2.83,NL,AMS,156.47,194.02
62.84.97.123,62.84.97.123,443,2.83,NL,AMS,163.98,189.79
77.239.112.150,77.239.112.150,443,2.8,NL,AMS,168.53,229.48
91.84.103.45,91.84.103.45,443,2.8,NL,AMS,236.05,295.33
2.27.169.140,2.27.169.140,443,2.75,NL,AMS,156.8,184.84
202.148.53.62,202.148.53.62,443,2.72,NL,AMS,149.1,176.11
178.208.87.161,178.208.87.161,443,2.71,NL,AMS,164.55,173.54
185.103.255.142,185.103.255.142,443,2.69,NL,AMS,154.16,178.14
93.183.91.7,93.183.91.7,8443,2.68,NL,AMS,159.71,176.2
45.150.109.126,45.150.109.126,443,2.66,NL,AMS,177.78,170.83
185.185.41.34,185.185.41.34,443,2.65,NL,AMS,151.58,163.26
72.56.71.235,2a03:6f02::8477,443,2.62,NL,AMS,154.67,167.85
146.0.79.124,146.0.79.124,8443,2.62,NL,AMS,156.29,167.31
146.0.79.124,146.0.79.124,443,2.61,NL,AMS,147.5,159.0
147.45.111.209,147.45.111.209,443,2.57,NL,FRA,158.06,179.84
213.142.147.133,213.142.147.133,443,2.52,NL,AMS,151.0,164.96
193.233.16.39,193.233.16.39,443,2.49,NL,FRA,174.16,189.99
23.168.72.17,23.168.72.17,443,2.47,NL,DUS,145.17,163.34
147.45.225.134,147.45.225.134,443,2.47,NL,FRA,151.49,175.0
45.91.168.69,45.91.168.69,443,2.46,NL,AMS,149.15,165.54
103.13.210.67,103.13.210.67,443,2.45,NL,AMS,190.8,175.15
88.218.248.195,88.218.248.195,443,2.44,NL,AMS,158.97,178.52
91.84.102.54,91.84.102.54,443,2.44,NL,AMS,161.26,186.23
152.53.200.241,152.53.200.241,8443,2.44,NL,AMS,161.15,189.79
195.26.227.28,195.26.227.28,8443,2.44,NL,AMS,173.68,245.55
212.118.37.83,212.118.37.83,443,2.43,NL,AMS,162.05,174.58
138.124.3.156,138.124.3.156,443,2.42,NL,AMS,148.72,170.04
80.74.28.213,80.74.28.213,8443,2.4,NL,AMS,148.03,157.48
5.180.181.166,5.180.181.166,443,2.39,NL,AMS,148.48,161.3
62.212.68.100,62.212.68.100,443,2.39,NL,FRA,150.55,177.24
152.53.200.118,152.53.200.118,8443,2.38,NL,AMS,156.3,160.4
91.132.58.156,91.132.58.156,443,2.34,NL,AMS,149.19,160.6
67.220.80.6,67.220.80.6,443,2.32,NL,DUS,143.29,178.5
152.53.200.174,152.53.200.174,8443,2.3,NL,AMS,164.89,184.68
89.124.86.34,89.124.86.34,443,2.3,NL,AMS,153.64,164.91
152.53.200.118,152.53.200.118,443,2.29,NL,AMS,168.21,181.19
91.84.103.191,91.84.103.191,443,2.29,NL,AMS,164.57,167.13
91.84.105.79,91.84.105.79,8443,2.26,NL,AMS,163.25,172.06
178.208.78.77,178.208.78.77,443,2.26,NL,AMS,158.0,163.23
2.27.169.216,2.27.169.216,443,2.26,NL,AMS,159.43,165.72
212.34.141.125,212.34.141.125,443,2.24,NL,AMS,181.07,334.41
89.110.68.158,89.110.68.158,443,2.23,NL,AMS,169.15,173.76
152.53.200.15,152.53.200.15,8443,2.23,NL,AMS,154.03,173.89
91.84.103.79,91.84.103.79,8443,2.22,NL,AMS,192.36,283.93
91.84.105.87,91.84.105.87,443,2.22,NL,AMS,150.54,157.47
91.84.106.75,91.84.106.75,443,2.22,NL,AMS,177.31,186.33
212.34.142.54,212.34.142.54,443,2.22,NL,AMS,161.12,212.92
178.173.254.43,178.173.254.43,443,2.21,NL,AMS,148.07,160.74
152.53.200.200,152.53.200.200,8443,2.2,NL,AMS,161.66,199.16
152.53.200.200,152.53.200.200,443,2.2,NL,AMS,166.85,182.23
194.87.27.183,194.87.27.183,443,2.2,NL,FRA,152.95,180.37
138.124.79.11,138.124.79.11,443,2.19,NL,AMS,145.91,164.68
194.58.39.80,194.58.39.80,443,2.18,NL,AMS,142.92,155.38
91.84.101.164,91.84.101.164,443,2.17,NL,AMS,157.87,165.31
186.190.213.227,186.190.213.5,443,2.17,NL,DUS,143.93,166.84
152.53.200.202,152.53.200.202,443,2.16,NL,AMS,163.4,201.17
212.34.140.216,212.34.140.216,8443,2.16,NL,AMS,171.44,181.05
185.157.214.38,185.157.214.38,8443,2.15,NL,AMS,153.56,159.97
109.120.142.219,109.120.142.219,443,2.14,NL,AMS,152.74,159.34
152.53.200.72,152.53.200.72,443,2.14,NL,AMS,171.97,195.87
45.114.61.224,45.114.61.224,443,2.13,NL,AMS,150.78,176.26
103.65.231.157,103.65.231.157,443,2.13,NL,AMS,156.4,159.33
80.74.28.213,80.74.28.213,443,2.12,NL,AMS,158.14,161.58
91.84.103.10,91.84.103.10,443,2.12,NL,AMS,161.54,189.6
212.34.142.54,212.34.142.54,8443,2.12,NL,AMS,208.39,210.37
152.53.200.163,152.53.200.163,8443,2.11,NL,AMS,164.76,186.93
152.53.200.115,152.53.200.115,8443,2.11,NL,AMS,159.08,184.27
91.84.103.79,91.84.103.79,443,2.1,NL,AMS,195.91,300.02
91.84.103.60,91.84.103.60,443,2.1,NL,AMS,170.52,177.64
45.144.232.27,45.144.232.27,443,2.09,NL,AMS,141.7,147.93
212.34.134.37,212.34.134.37,8443,2.09,NL,AMS,161.65,177.05
192.210.175.185,192.210.175.185,443,2.09,NL,AMS,147.23,162.0
212.34.138.139,212.34.138.139,443,2.08,NL,AMS,164.13,172.51
91.84.103.191,91.84.103.191,8443,2.06,NL,AMS,150.29,156.21
152.53.105.182,152.53.105.182,443,2.05,NL,AMS,172.36,190.3
152.53.200.241,152.53.200.241,443,2.03,NL,AMS,167.85,185.94
91.84.97.196,91.84.97.196,8443,2.03,NL,AMS,174.61,187.5
91.84.107.137,91.84.107.137,8443,2.02,NL,AMS,211.25,232.66
94.103.95.115,94.103.95.115,443,2.02,NL,AMS,163.75,202.73
152.53.105.182,152.53.105.182,8443,2.02,NL,AMS,166.43,194.48
152.53.200.163,152.53.200.163,443,2.02,NL,AMS,160.98,183.73
31.15.19.199,31.15.19.199,443,2.01,NL,AMS,145.86,164.96
152.53.200.15,152.53.200.15,443,2.01,NL,AMS,168.22,165.51
138.124.3.59,138.124.3.59,443,2.0,NL,AMS,141.83,184.98
89.110.83.224,89.110.83.224,443,2.0,NL,AMS,154.85,167.4
222.167.217.127,222.167.217.127,443,1.99,NL,AMS,189.53,182.11
152.53.200.152,152.53.200.152,8443,1.99,NL,AMS,177.27,197.84
91.84.103.109,91.84.103.109,8443,1.99,NL,AMS,175.61,201.14
91.84.103.10,91.84.103.10,8443,1.98,NL,AMS,168.08,179.64
91.84.105.40,91.84.105.40,443,1.97,NL,AMS,178.51,182.1
152.53.200.174,152.53.200.174,443,1.96,NL,AMS,155.01,192.64
212.34.128.194,212.34.128.194,443,1.96,NL,AMS,171.09,178.5
195.78.49.24,195.78.49.24,443,1.94,NL,AMS,145.39,160.35
188.253.26.205,188.253.26.205,443,1.93,NL,AMS,152.36,158.78
91.84.100.152,91.84.100.152,443,1.93,NL,AMS,168.68,188.61
91.84.103.45,91.84.103.45,8443,1.92,NL,AMS,198.75,263.73
91.84.105.79,91.84.105.79,443,1.9,NL,AMS,175.73,183.68
89.110.81.200,89.110.81.200,8443,1.9,NL,AMS,168.55,174.14
91.84.97.196,91.84.97.196,443,1.9,NL,AMS,196.56,185.57
152.53.200.178,152.53.200.178,8443,1.89,NL,AMS,170.1,186.0
212.34.140.216,212.34.140.216,443,1.86,NL,AMS,162.83,178.57
212.34.134.37,212.34.134.37,443,1.85,NL,AMS,174.54,190.14
91.84.105.40,91.84.105.40,8443,1.84,NL,AMS,181.01,188.21
152.53.200.202,152.53.200.202,8443,1.84,NL,AMS,161.75,199.89
91.84.107.137,91.84.107.137,443,1.83,NL,AMS,191.63,267.91
72.56.85.104,72.56.85.104,443,1.83,NL,FRA,177.11,303.57
109.107.164.240,109.107.164.240,443,1.83,NL,AMS,183.51,187.67
91.84.103.232,91.84.103.232,443,1.83,NL,AMS,150.43,159.44
91.84.103.60,91.84.103.60,8443,1.83,NL,AMS,166.78,193.64
80.76.34.190,80.76.34.190,443,1.83,NL,AMS,146.35,158.42
89.110.73.241,89.110.73.241,8443,1.82,NL,AMS,171.97,177.87
152.53.200.69,152.53.200.69,443,1.82,NL,AMS,162.13,171.72
152.53.200.115,152.53.200.115,443,1.82,NL,AMS,162.38,171.6
185.157.214.38,185.157.214.38,443,1.81,NL,AMS,166.56,177.46
77.238.248.43,77.238.248.43,443,1.8,NL,AMS,164.89,182.95
91.84.100.152,91.84.100.152,8443,1.8,NL,AMS,164.62,172.35
91.84.102.67,91.84.102.67,443,1.76,NL,AMS,176.26,212.37
77.238.230.12,77.238.230.12,443,1.75,NL,AMS,171.1,177.16
93.183.91.7,93.183.91.7,443,1.75,NL,AMS,169.97,182.77
167.99.38.153,167.99.38.153,443,1.75,NL,AMS,165.98,153.95
194.164.35.86,194.164.35.86,443,1.74,NL,AMS,178.36,186.84
85.31.45.88,85.31.45.88,443,1.74,NL,AMS,149.46,160.35
152.53.200.69,152.53.200.69,8443,1.74,NL,AMS,170.41,180.27
109.104.153.94,109.104.153.94,443,1.72,NL,AMS,157.23,175.46
91.84.102.67,91.84.102.67,8443,1.71,NL,AMS,178.0,208.55
152.53.200.152,152.53.200.152,443,1.71,NL,AMS,156.77,166.77
91.84.103.232,91.84.103.232,8443,1.71,NL,AMS,175.14,183.73
194.113.153.226,194.113.153.226,443,1.71,NL,AMS,153.25,178.34
91.84.102.54,91.84.102.54,8443,1.64,NL,AMS,176.61,198.96
194.147.33.13,194.147.33.13,443,1.63,NL,AMS,145.67,164.52
178.208.79.186,178.208.79.186,443,1.62,NL,AMS,147.06,155.68
103.102.228.113,103.102.228.113,443,1.61,NL,AMS,189.62,218.84
151.242.69.201,151.242.69.201,443,1.61,NL,AMS,150.38,178.53
91.84.99.43,91.84.99.43,443,1.61,NL,AMS,164.72,172.14
91.84.106.75,91.84.106.75,8443,1.61,NL,AMS,168.54,174.96
31.15.19.180,31.15.19.180,443,1.6,NL,AMS,152.56,162.49
80.76.35.73,80.76.35.73,443,1.59,NL,AMS,160.58,173.14
91.84.99.43,91.84.99.43,8443,1.59,NL,AMS,175.82,182.01
212.34.138.139,212.34.138.139,8443,1.58,NL,AMS,175.22,183.4
163.5.207.110,163.5.207.110,443,1.58,NL,AMS,149.45,194.3
91.84.105.87,91.84.105.87,8443,1.58,NL,AMS,150.61,158.82
91.84.101.222,91.84.101.222,8443,1.56,NL,AMS,154.4,162.1
88.210.12.132,88.210.12.132,443,1.55,NL,AMS,155.7,167.25
89.124.77.146,89.124.77.146,443,1.55,NL,AMS,145.66,162.54
88.210.9.6,88.210.9.6,8443,1.53,NL,AMS,187.81,244.77
89.110.81.200,89.110.81.200,443,1.52,NL,AMS,175.76,185.08
194.238.56.160,194.238.56.160,8443,1.5,NL,AMS,146.44,156.17
195.58.50.233,195.58.50.233,443,1.5,NL,AMS,148.69,150.34
185.112.59.65,185.112.59.65,443,1.49,NL,AMS,144.09,169.84
152.53.200.178,152.53.200.178,443,1.48,NL,AMS,162.11,177.79
77.238.230.12,77.238.230.12,8443,1.48,NL,AMS,164.18,171.46
103.146.119.225,103.146.119.225,443,1.47,NL,AMS,141.44,172.04
212.34.147.86,212.34.147.86,443,1.44,NL,AMS,179.4,187.11
89.110.117.7,89.110.117.7,443,1.43,NL,AMS,166.39,180.46
91.84.103.109,91.84.103.109,443,1.43,NL,AMS,166.86,181.52
164.92.150.167,164.92.150.167,443,1.42,NL,AMS,158.48,168.43
43.250.54.107,43.250.54.107,443,1.42,NL,AMS,150.35,181.13
45.114.62.226,45.114.62.226,443,1.41,NL,AMS,146.03,153.18
82.115.5.199,82.115.5.199,443,1.4,NL,AMS,157.37,154.89
195.200.26.225,195.200.26.225,443,1.4,NL,AMS,188.75,204.32
88.218.120.170,88.218.120.170,443,1.4,NL,AMS,154.56,159.93
91.84.97.148,91.84.97.148,8443,1.39,NL,AMS,177.42,186.83
138.124.2.102,138.124.2.102,443,1.39,NL,AMS,140.55,155.96
5.129.238.238,5.129.238.238,443,1.37,NL,FRA,147.19,169.91
89.110.73.241,89.110.73.241,443,1.37,NL,AMS,171.55,179.64
161.35.147.14,161.35.147.14,443,1.36,NL,AMS,150.88,170.5
171.22.30.125,171.22.30.125,443,1.34,NL,AMS,148.36,170.52
185.245.106.205,185.245.106.205,443,1.34,NL,AMS,166.64,175.87
185.245.106.205,185.245.106.205,8443,1.34,NL,AMS,167.06,176.49
89.110.66.154,89.110.66.154,443,1.34,NL,AMS,160.15,164.73
45.144.232.86,45.144.232.86,443,1.32,NL,AMS,148.52,196.76
89.110.112.211,89.110.112.211,443,1.32,NL,AMS,163.5,191.09
212.34.135.103,212.34.135.103,443,1.32,NL,AMS,150.92,162.36
212.22.74.26,212.22.74.26,443,1.3,NL,AMS,188.48,161.5
161.35.247.7,161.35.247.7,443,1.3,NL,AMS,150.92,159.64
91.124.18.241,91.124.18.241,443,1.29,NL,AMS,148.72,151.82
89.42.142.219,89.42.142.219,443,1.29,NL,AMS,154.32,168.32
5.45.70.203,5.45.70.203,443,1.28,NL,AMS,153.91,180.93
212.34.135.103,212.34.135.103,8443,1.28,NL,AMS,164.06,181.86
77.105.142.168,77.105.142.168,443,1.28,NL,AMS,158.09,165.68
209.250.255.90,209.250.255.90,443,1.28,NL,AMS,145.48,154.66
194.238.56.160,194.238.56.160,443,1.26,NL,AMS,152.5,157.97
82.115.4.109,82.115.4.109,443,1.24,NL,AMS,149.48,161.25
95.179.140.212,95.179.140.212,443,1.24,NL,AMS,165.19,177.13
86.107.197.239,86.107.197.239,443,1.24,NL,AMS,159.28,168.36
45.12.69.152,45.12.69.152,443,1.24,NL,AMS,152.93,183.82
88.210.9.6,88.210.9.6,443,1.24,NL,AMS,170.44,222.31
185.121.232.7,185.121.232.7,443,1.23,NL,AMS,208.48,179.13
62.60.244.97,2a01:e5c0:451f::2,443,1.22,NL,FRA,155.43,172.62
2.26.110.36,2.26.110.36,8443,1.22,NL,FRA,172.22,191.3
209.38.38.145,209.38.38.145,443,1.22,NL,AMS,155.3,160.07
152.53.200.78,152.53.200.78,443,1.22,NL,AMS,172.22,185.11
66.151.32.59,66.151.32.59,443,1.21,NL,AMS,153.75,166.74
91.84.106.123,91.84.106.123,8443,1.21,NL,AMS,173.13,173.32
91.84.99.217,91.84.99.217,8443,1.21,NL,AMS,171.95,229.43
152.53.200.78,152.53.200.78,8443,1.21,NL,AMS,160.91,180.66
212.34.130.52,212.34.130.52,443,1.21,NL,AMS,161.35,184.84
188.227.107.112,188.227.107.112,443,1.2,NL,AMS,199.07,176.86
185.167.96.18,185.167.96.18,443,1.2,NL,AMS,155.1,185.26
23.94.217.14,23.94.217.14,443,1.19,NL,AMS,146.82,165.4
84.235.160.223,84.235.160.223,443,1.19,NL,AMS,152.58,168.88
194.85.251.87,194.85.251.87,443,1.19,NL,AMS,151.19,161.52
91.84.97.63,91.84.97.63,443,1.19,NL,AMS,178.37,203.21
94.103.9.160,94.103.9.160,443,1.19,NL,AMS,147.31,165.7
152.53.200.164,152.53.200.164,8443,1.18,NL,AMS,161.43,215.93
77.73.132.242,77.73.132.242,443,1.17,NL,FRA,161.22,163.61
23.94.134.141,23.94.134.141,8443,1.17,NL,AMS,153.88,155.45
46.17.97.176,46.17.97.176,443,1.17,NL,AMS,150.22,153.72
45.85.117.30,45.85.117.30,443,1.16,NL,TXL,146.74,174.09
72.56.101.37,72.56.101.37,443,1.15,NL,FRA,141.93,176.4
104.248.95.127,178.128.136.175,443,1.15,NL,AMS,155.39,161.72
152.53.200.144,152.53.200.144,443,1.14,NL,AMS,156.05,189.06
158.101.214.54,158.101.214.54,443,1.13,NL,AMS,140.78,145.79
185.121.232.7,185.121.232.7,8443,1.13,NL,AMS,166.87,171.18
45.149.234.214,45.149.234.214,443,1.13,NL,AMS,157.58,181.19
193.124.189.227,193.124.189.227,443,1.12,NL,AMS,161.28,170.44
193.109.69.48,193.109.69.48,443,1.11,NL,AMS,156.73,161.16
147.45.135.9,147.45.135.9,443,1.11,NL,FRA,162.26,180.89
185.23.238.76,185.23.238.76,443,1.11,NL,AMS,159.94,185.63
194.156.66.171,194.156.66.171,443,1.1,NL,DUS,149.57,161.62
91.84.97.63,91.84.97.63,8443,1.1,NL,AMS,150.57,165.07
103.137.250.250,103.137.250.250,443,1.09,NL,AMS,160.35,153.11
31.130.129.33,2a03:6f02::1:674,443,1.09,NL,AMS,157.47,230.88
172.233.48.56,172.233.48.56,443,1.09,NL,AMS,143.7,149.95
166.1.22.116,166.1.22.116,443,1.07,NL,AMS,157.01,181.96
2.26.110.36,2.26.110.36,443,1.06,NL,FRA,155.48,244.92
166.1.22.116,166.1.22.116,2053,1.06,NL,AMS,165.25,162.24
212.111.82.142,212.111.82.142,8443,1.06,NL,AMS,170.77,170.98
212.34.132.122,212.34.132.122,8443,1.04,NL,AMS,177.97,185.94
91.84.105.41,91.84.105.41,8443,1.03,NL,AMS,167.45,204.49
91.84.107.69,91.84.107.69,443,1.03,NL,AMS,172.68,172.84
91.84.107.170,91.84.107.170,8443,1.02,NL,AMS,153.76,163.07
91.84.107.170,91.84.107.170,443,1.02,NL,AMS,164.89,172.27
147.45.225.12,147.45.225.12,443,1.02,NL,FRA,161.29,175.0
138.124.30.156,138.124.30.156,443,1.02,NL,AMS,162.29,157.21
91.232.114.118,91.232.114.118,443,1.02,NL,AMS,150.89,158.67
144.124.241.129,144.124.241.129,443,1.02,NL,AMS,164.65,160.87
185.70.187.38,185.70.187.38,443,1.01,NL,AMS,160.56,169.66
91.103.253.223,91.103.253.223,443,1.01,NL,AMS,151.99,168.3
2.27.169.61,2.27.169.61,443,1.0,NL,AMS,163.75,174.19
146.59.18.234,54.36.186.141,443,2.84,PL,WAW,166.76,193.64
138.124.64.13,77.83.246.88,443,2.55,PL,WAW,297.58,183.36
217.182.79.55,217.182.79.55,8443,2.55,PL,WAW,171.67,172.66
212.192.11.208,212.192.11.208,443,2.38,PL,WAW,165.65,174.9
217.182.79.55,217.182.79.55,443,2.37,PL,WAW,174.07,181.84
45.198.0.157,45.198.0.157,443,2.34,PL,WAW,172.47,187.66
82.40.38.216,82.40.38.216,443,2.28,PL,WAW,171.46,192.1
51.38.132.136,51.38.132.136,443,2.27,PL,WAW,179.22,342.71
45.149.63.149,45.149.63.149,8443,2.25,PL,WAW,175.21,387.23
138.124.20.93,138.124.20.93,443,2.22,PL,WAW,161.91,186.58
191.101.184.50,191.101.184.50,443,2.07,PL,WAW,196.74,224.62
188.255.163.120,188.255.163.120,443,1.99,PL,WAW,181.05,200.57
92.118.205.66,92.118.205.66,443,1.95,PL,WAW,173.1,192.61
45.149.63.149,45.149.63.149,443,1.95,PL,WAW,188.93,357.16
89.126.229.173,89.126.229.173,443,1.78,PL,WAW,173.36,329.79
2.27.79.22,2.27.79.22,443,1.73,PL,WAW,177.43,185.93
37.252.6.119,37.252.6.119,443,1.7,PL,WAW,178.94,201.55
45.144.50.4,45.144.50.4,443,1.7,PL,WAW,173.23,194.31
94.103.0.67,94.103.0.67,443,1.67,PL,WAW,164.84,169.2
217.30.10.55,217.30.10.55,443,1.6,PL,WAW,162.08,205.81
212.192.22.177,212.192.22.177,443,1.53,PL,WAW,185.69,229.04
45.43.137.179,45.43.137.179,443,1.53,PL,VNO,161.22,185.75
194.87.128.46,194.87.128.46,443,1.4,PL,WAW,183.98,189.04
37.252.10.91,37.252.10.91,443,1.37,PL,WAW,204.85,222.43
217.60.25.191,217.60.25.191,443,1.28,PL,WAW,166.81,168.96
212.119.43.76,212.119.43.76,443,1.28,PL,WAW,165.46,177.31
70.34.255.171,70.34.255.171,443,1.25,PL,WAW,161.99,166.44
185.253.45.68,185.253.45.68,443,1.18,PL,WAW,197.27,197.83
2.59.163.33,2.59.163.33,443,1.14,PL,WAW,169.78,182.21
95.85.254.27,95.85.254.27,443,1.13,PL,WAW,175.07,174.49
54.36.186.141,54.36.186.141,443,1.09,PL,WAW,194.94,180.45
70.34.243.123,70.34.243.123,443,1.07,PL,WAW,158.05,161.19
212.41.15.119,212.41.15.119,443,3.12,RU,DME,190.35,222.54
2.26.104.64,2.26.104.64,443,1.99,RU,DME,182.02,219.5
185.218.0.16,185.218.0.16,443,1.83,RU,ARN,174.54,211.84
93.183.71.229,93.183.71.229,443,1.64,RU,DME,213.23,257.25
138.124.255.49,138.124.255.49,443,1.64,RU,DME,195.85,231.28
77.73.66.223,77.73.66.223,443,1.54,RU,ARN,186.21,222.03
194.87.107.79,194.87.107.79,443,1.5,RU,WAW,181.12,294.56
46.229.215.23,46.229.215.23,443,1.47,RU,DME,255.16,375.82
212.67.17.226,212.67.17.226,443,1.45,RU,DME,204.82,260.14
185.137.235.254,212.41.15.119,443,1.43,RU,DME,170.22,246.06
159.194.200.159,159.194.200.159,8443,1.42,RU,ARN,192.63,251.46
212.74.227.162,212.74.227.162,443,1.42,RU,DME,189.11,223.9
79.174.80.62,79.174.80.62,443,1.41,RU,ARN,194.62,335.5
2.59.42.215,2.59.42.215,443,1.33,RU,DME,211.25,263.25
176.124.200.14,176.124.200.14,443,1.33,RU,DME,199.1,255.71
95.213.226.60,95.213.226.60,443,1.33,RU,DME,192.08,220.3
92.53.107.11,92.53.107.11,443,1.32,RU,DME,208.29,258.99
89.127.209.17,89.127.209.17,443,1.3,RU,FRA,189.65,279.72
147.45.153.169,147.45.153.169,443,1.3,RU,DME,287.34,305.98
45.151.62.25,45.151.62.25,443,1.24,RU,ARN,183.9,238.36
79.174.13.53,79.174.13.53,443,1.21,RU,OSL,251.35,266.47
103.88.242.134,103.88.242.134,443,1.21,RU,WAW,215.96,377.99
159.194.200.159,159.194.200.159,443,1.12,RU,ARN,204.33,244.62
185.229.221.92,185.229.221.92,443,3.29,SE,CPH,194.72,182.0
37.252.9.236,37.252.9.236,443,2.65,SE,ARN,172.12,192.08
91.223.169.237,91.223.169.237,443,2.55,SE,ARN,173.96,188.13
79.141.174.235,79.141.174.235,443,2.51,SE,ARN,180.08,187.38
87.251.85.34,87.251.85.34,443,2.43,SE,ARN,171.38,189.66
83.219.250.221,83.219.250.221,443,2.39,SE,ARN,162.66,169.94
193.148.58.33,193.148.58.33,443,2.21,SE,ARN,203.84,199.43
185.21.11.91,185.21.11.91,443,2.17,SE,CPH,166.31,180.07
64.112.124.252,64.112.124.252,443,2.13,SE,CPH,173.7,193.85
89.127.201.202,89.127.201.202,443,2.11,SE,CPH,170.72,197.88
142.111.244.5,142.111.244.5,443,1.95,SE,CPH,185.4,243.17
192.145.30.213,192.145.30.213,443,1.94,SE,ARN,179.96,205.18
95.143.196.18,95.143.196.18,443,1.9,SE,ARN,182.61,275.58
142.111.244.42,142.111.244.42,443,1.88,SE,CPH,193.53,210.7
185.139.228.30,185.139.228.30,443,1.85,SE,CPH,172.35,206.25
13.53.54.165,13.53.54.165,8443,1.84,SE,OSL,164.89,203.68
83.219.250.141,83.219.250.141,443,1.84,SE,OSL,177.63,204.9
13.53.54.165,13.53.54.165,443,1.82,SE,CPH,170.39,221.24
93.115.23.184,93.115.23.184,443,1.71,SE,ARN,159.71,194.51
64.112.127.151,64.112.127.151,443,1.61,SE,ARN,170.18,175.11
31.192.244.129,31.192.244.129,443,1.57,SE,CPH,199.8,227.03
138.124.85.225,138.124.85.225,443,1.53,SE,CPH,166.19,196.21
87.251.85.114,87.251.85.114,443,1.5,SE,ARN,177.84,186.91
185.159.75.51,185.159.75.51,443,1.47,SE,CPH,167.47,194.94
172.232.149.77,172.232.149.77,443,1.47,SE,CPH,165.89,241.62
188.126.76.3,188.126.76.3,443,1.41,SE,ARN,173.61,192.04
192.145.30.224,192.145.30.224,443,1.39,SE,ARN,163.75,171.07
78.109.17.114,78.109.17.114,443,1.38,SE,CPH,165.46,186.12
41.216.182.98,41.216.182.98,443,1.3,SE,ARN,171.17,198.28
70.34.195.28,70.34.195.28,443,1.21,SE,ARN,164.06,209.58
62.182.199.47,62.182.199.47,443,1.2,SE,ARN,169.02,208.06
37.252.8.202,37.252.8.202,443,1.2,SE,ARN,175.4,193.75
80.66.78.207,80.66.78.207,443,1.19,SE,ARN,187.33,179.88
41.216.182.105,41.216.182.105,443,1.18,SE,ARN,164.64,181.27
185.58.115.45,185.58.115.45,443,1.07,SE,CPH,166.42,267.41
51.20.202.203,51.20.202.203,443,1.01,SE,ARN,183.27,176.09
43.134.174.114,43.134.174.114,443,1.78,SG,SIN,172.12,187.98
60.249.21.30,60.249.21.30,443,2.74,TW,TPE,139.74,157.81
159.223.194.58,159.223.194.58,443,859.4,US,SJC,1.61,9.98
172.67.208.171,52.159.247.145,443,606.03,US,SJC,4.25,15.54
172.67.208.171,52.159.247.145,8443,486.87,US,SJC,4.75,14.69
107.175.224.82,107.175.224.82,443,400.62,US,LAX,10.77,24.37
149.28.92.56,149.28.92.56,443,358.27,US,LAX,9.57,20.06
104.168.87.130,104.168.87.130,443,297.55,US,SJC,8.91,27.8
192.9.157.76,2603:c024:c00c:633::f1e1,443,293.74,US,SJC,5.19,6.98
172.67.208.171,52.159.247.145,2096,274.66,US,SJC,1.66,16.59
172.67.208.171,52.159.247.145,2083,257.98,US,SJC,4.87,20.93
104.129.166.131,52.159.247.145,443,238.62,US,SJC,10.84,43.61
104.129.166.131,52.159.247.145,2083,231.24,US,SJC,43.08,33.54
172.67.208.171,52.159.247.145,2087,230.94,US,SJC,16.37,29.69
104.129.166.131,52.159.247.145,2053,220.52,US,SJC,2.18,29.17
172.67.208.171,52.159.247.145,2053,210.01,US,SJC,1.41,29.99
104.129.166.131,52.159.247.145,2096,203.48,US,SJC,23.21,23.82
104.129.166.131,52.159.247.145,8443,199.76,US,SJC,21.99,45.28
23.94.56.22,23.94.56.22,443,195.39,US,SEA,31.16,49.39
104.129.166.131,52.159.247.145,2087,189.58,US,SJC,7.04,25.87
27.50.48.73,52.159.247.145,2053,174.34,US,SJC,2.34,8.44
159.60.146.81,159.60.174.31,443,158.96,US,LAX,326.31,110.65
154.211.8.155,52.159.247.145,2096,138.98,US,SJC,27.99,181.6
34.82.76.253,35.252.164.176,443,138.85,US,SEA,20.95,40.1
27.50.48.73,52.159.247.145,2096,128.79,US,SJC,1.7,7.5
27.50.48.73,52.159.247.145,443,128.34,US,SJC,1.8,10.72
27.50.48.73,52.159.247.145,8443,127.08,US,SJC,1.53,9.26
154.211.8.155,52.159.247.145,443,121.55,US,SJC,43.7,77.94
38.60.91.95,38.60.91.95,443,120.79,US,LAX,26.17,100.84
192.227.167.44,192.227.167.44,443,120.3,US,SJC,7.74,216.12
154.211.8.155,52.159.247.145,8443,114.97,US,SJC,3.88,126.91
27.50.48.73,52.159.247.145,2083,114.19,US,SJC,2.56,9.46
154.211.8.155,52.159.247.145,2053,111.08,US,SJC,14.99,149.5
154.211.8.155,52.159.247.145,2087,110.57,US,SJC,46.42,105.48
38.75.221.26,38.75.221.26,443,110.17,US,LAX,10.82,19.79
154.211.8.155,52.159.247.145,2083,104.24,US,SJC,42.96,134.05
27.50.48.73,52.159.247.145,2087,79.91,US,SJC,2.53,12.84
23.95.88.103,23.95.88.103,443,79.3,US,SJC,1.99,30.31
50.228.203.26,50.228.203.26,443,76.35,US,MIA,72.38,80.88
146.19.167.192,146.19.167.192,443,69.32,US,ORD,72.37,324.45
43.162.119.244,43.162.119.244,443,68.43,US,SJC,11.13,10.06
129.146.196.8,129.146.196.8,443,67.86,US,LAX,26.71,52.06
192.9.139.160,192.9.139.160,443,67.08,US,SJC,2.03,10.6
104.129.167.255,52.159.247.145,2053,66.43,US,SJC,5.05,19.88
64.181.255.215,64.181.255.215,443,66.05,US,SJC,13.58,12.12
104.129.167.255,52.159.247.145,443,65.59,US,SJC,4.41,23.13
216.36.116.175,216.36.116.175,443,64.19,US,LAX,10.22,18.07
104.129.167.255,52.159.247.145,2096,63.54,US,SJC,24.58,29.92
64.181.227.82,64.181.227.82,443,63.12,US,SJC,4.52,8.19
165.1.66.231,2a09:bac5:6210:1246::1d2:ca,443,61.25,US,SJC,2.77,19.39
165.232.148.158,165.232.148.158,443,59.68,US,SJC,11.73,24.99
104.129.59.249,104.129.59.249,443,53.91,US,LAX,37.55,79.5
72.249.205.12,72.249.205.12,443,52.97,US,LAS,14.94,38.88
104.129.167.255,52.159.247.145,8443,52.85,US,SJC,37.03,36.15
104.129.167.255,52.159.247.145,2087,52.56,US,SJC,8.78,58.6
47.88.15.127,47.88.15.127,443,51.52,US,SJC,2.75,13.79
104.129.167.255,52.159.247.145,2083,49.89,US,SJC,7.96,25.36
107.172.16.110,107.172.16.110,443,46.76,US,SJC,9.83,35.78
45.61.150.169,45.61.150.169,443,43.54,US,LAS,18.58,52.16
150.136.139.228,150.136.139.228,443,43.35,US,EWR,65.97,88.32
38.146.28.146,38.146.28.146,443,42.19,US,LAX,13.31,17.04
192.3.134.177,192.3.134.177,443,39.96,US,SJC,16.67,43.6
172.245.53.232,172.245.53.232,443,37.65,US,SJC,9.49,28.59
107.174.42.185,107.174.42.185,443,36.37,US,LAX,9.64,18.86
192.210.133.140,192.210.133.140,443,36.34,US,YYZ,92.28,149.38
163.192.47.170,163.192.47.170,443,34.21,US,SJC,4.07,33.05
34.53.21.244,34.53.21.244,443,33.5,US,SEA,34.8,48.54
107.174.40.115,107.174.40.115,443,32.4,US,LAX,8.49,51.43
150.136.254.79,150.136.254.79,443,30.35,US,IAD,79.03,86.83
38.146.27.51,38.146.27.51,443,28.47,US,EWR,97.36,88.21
141.148.93.235,141.148.93.235,443,27.74,US,IAD,67.87,86.04
185.106.95.125,185.106.95.125,443,26.87,US,DFW,53.1,51.47
147.182.229.237,147.182.229.237,443,26.64,US,SJC,2.33,12.02
104.168.38.167,104.168.38.167,443,26.25,US,YYZ,77.63,150.51
34.58.136.79,34.58.136.79,443,24.4,US,ORD,47.35,75.49
64.186.246.74,64.186.246.74,443,24.31,US,LAX,12.7,50.23
107.174.245.19,107.174.245.19,443,23.25,US,SEA,37.83,46.65
168.151.20.157,2602:f988:210:c4f::7f4,443,18.65,US,LAX,9.9,25.22
159.60.146.82,159.60.174.29,443,18.18,US,SJC,1.46,7.44
107.174.253.219,2a09:bac1:76a0:28::4cf:d,2096,17.95,US,SJC,42.7,55.02
208.167.245.42,208.167.245.42,443,17.63,US,EWR,105.12,97.27
38.180.204.104,38.180.204.104,443,16.98,US,ORD,59.5,71.2
129.159.34.196,2603:c024:c005:ec5f:0:e477:e6f:c726,443,16.59,US,SJC,1.15,8.96
134.199.142.254,134.199.234.104,443,16.51,US,SJC,3.63,12.21
38.75.221.242,38.75.221.242,443,15.57,US,LAX,19.66,24.08
107.174.70.130,107.174.70.130,443,14.95,US,BUF,73.42,105.78
107.175.183.121,107.175.183.121,443,14.46,US,ATL,58.88,76.15
192.161.60.5,192.161.60.5,443,14.12,US,LAX,11.42,19.21
107.174.253.219,2a09:bac1:76a0:28::4cf:d,8443,13.8,US,SJC,27.91,49.23
216.180.125.171,216.180.125.171,443,13.59,US,DFW,63.68,58.17
38.77.187.51,38.77.187.51,443,13.24,US,LAS,20.88,42.75
156.154.245.83,156.154.214.195,443,13.22,US,SJC,6.55,14.7
185.28.175.51,185.28.175.51,443,12.98,US,MIA,68.32,72.58
137.184.228.85,137.184.228.85,443,12.8,US,SJC,1.87,20.2
72.13.122.137,199.38.148.127,443,12.41,US,LAX,8.05,13.83
192.18.131.0,192.18.131.0,443,12.35,US,SJC,1.38,10.7
43.169.18.179,43.159.77.130,443,11.94,US,LAX,12.01,21.74
77.110.124.132,77.110.124.132,443,11.77,US,ATL,62.95,103.97
23.94.59.201,23.94.59.201,443,10.72,US,SEA,42.6,59.47
18.216.55.100,18.216.55.100,443,10.64,US,CMH,57.25,77.8
74.48.134.194,74.48.134.194,443,10.61,US,LAX,8.59,24.42
66.135.5.63,66.135.5.63,443,10.43,US,EWR,85.54,103.79
129.213.150.222,129.213.150.222,443,10.42,US,IAD,67.94,74.92
35.247.124.181,34.187.196.119,443,10.24,US,SEA,20.88,39.48
43.170.25.96,43.152.134.101,443,10.21,US,IAD,69.71,77.7
64.188.27.145,64.188.27.145,443,9.73,US,SJC,1.99,23.43
43.169.19.179,43.159.77.130,443,9.53,US,LAX,9.01,18.31
212.124.105.20,212.124.105.20,443,9.14,US,IAD,70.03,82.46
77.105.162.73,77.105.162.73,443,9.05,US,EWR,87.81,98.75
45.61.166.121,45.61.166.121,443,9.0,US,DFW,62.38,67.45
192.3.251.89,192.3.251.89,443,8.73,US,SEA,20.72,72.18
72.249.204.208,72.249.204.208,443,8.66,US,LAX,18.7,21.29
23.95.189.91,23.95.189.91,443,8.52,US,BUF,80.13,133.22
213.170.157.1,185.71.228.0,443,8.08,US,PDX,21.27,59.84
107.173.248.16,107.173.248.16,443,8.07,US,BUF,73.82,116.67
174.136.205.75,174.136.205.75,443,7.99,US,LAX,8.67,22.33
77.105.162.10,77.105.162.10,443,7.98,US,EWR,81.46,88.6
143.47.96.200,143.47.96.200,443,7.61,US,IAD,76.02,116.8
129.146.137.214,2603:c020:14:b39f:73e4:5573:620c:f17c,443,7.46,US,LAX,17.57,48.14
150.136.105.229,150.136.105.229,443,7.3,US,IAD,94.99,89.5
107.173.254.105,107.173.254.105,443,6.42,US,YYZ,73.72,128.44
107.173.123.133,107.173.123.133,443,6.3,US,LAX,9.15,24.87
166.1.60.137,166.1.60.137,443,6.2,US,EWR,77.86,195.1
107.174.242.250,107.174.242.250,443,6.13,US,SEA,20.65,28.39
23.94.123.231,23.94.123.231,443,6.05,US,SJC,3.47,10.44
129.159.84.71,129.159.84.71,443,6.02,US,IAD,72.01,105.24
38.180.138.2,38.180.138.2,443,6.02,US,EWR,72.04,165.35
46.17.107.183,46.17.107.183,443,5.99,US,EWR,74.22,177.41
77.91.126.127,77.91.126.127,443,5.98,US,EWR,80.54,89.31
143.198.31.221,143.198.31.221,443,5.95,US,EWR,78.07,87.35
150.136.219.11,150.136.219.11,443,5.85,US,IAD,68.0,102.86
172.245.182.112,172.245.182.112,443,5.44,US,ATL,60.97,68.17
198.52.244.111,198.52.244.111,443,5.13,US,LAX,11.59,18.29
104.238.129.180,104.238.129.180,443,4.64,US,EWR,77.49,105.03
107.175.209.186,107.175.209.186,443,4.45,US,YYZ,78.95,157.6
150.136.243.175,2a09:bac1:76a1:62b0::23c:b2,443,4.35,US,IAD,82.89,145.61
64.181.218.67,64.181.218.67,443,4.09,US,ORD,51.07,58.51
185.186.245.90,185.186.245.90,443,4.04,US,DFW,40.01,56.93
72.249.205.119,72.249.205.119,443,3.9,US,LAX,10.69,19.81
107.175.245.116,107.175.245.116,2053,3.89,US,IAD,69.12,78.32
64.181.247.243,64.181.247.243,443,3.79,US,SJC,1.51,13.86
166.1.60.219,166.1.60.219,443,3.72,US,EWR,72.25,85.56
38.132.122.241,38.132.122.241,443,3.66,US,EWR,71.83,387.92
38.175.219.162,38.175.219.162,443,3.59,US,LAX,10.5,18.33
134.209.166.117,2604:a880:800:10::e24:c001,443,3.56,US,EWR,84.38,83.5
107.173.130.87,107.173.130.87,443,3.46,US,BUF,74.67,101.67
107.175.230.87,107.175.230.87,443,3.21,US,LAX,9.26,17.11
38.105.31.248,38.105.31.248,443,3.17,US,LAX,12.92,26.46
38.143.109.82,38.143.109.82,443,3.15,US,YYZ,46.98,82.18
185.204.54.203,185.204.54.203,443,3.13,US,EWR,72.04,80.86
77.105.162.170,77.105.162.170,443,2.9,US,EWR,84.5,95.69
166.1.160.140,166.1.160.140,443,2.62,US,EWR,88.23,110.95
107.175.245.116,107.175.245.116,8443,2.38,US,IAD,69.47,75.76
192.193.104.25,192.193.104.22,443,2.1,US,DFW,63.4,83.95
148.135.119.123,148.135.119.123,443,1.89,US,LAX,8.59,31.09
143.198.52.252,143.198.52.252,443,1.67,US,SJC,2.36,7.64
77.110.126.244,77.110.126.244,443,1.65,US,ATL,64.48,81.24
163.192.47.40,163.192.47.40,443,1.44,US,SJC,1.27,6.31
159.89.91.17,159.89.91.17,443,1.03,US,EWR,77.73,83.58
